pdb_id,name,description,species,classification,family,subfamily,method,resolution,uniprot_id,pubmed_id
1F88,RHODOPSIN,CRYSTAL STRUCTURE OF BOVINE RHODOPSIN,BOS TAURUS (BOVINE),SIGNALING PROTEIN,CLASS A,OPSINS,X-RAY DIFFRACTION,2.8,P02699,10926528
1GZM,RHODOPSIN,STRUCTURE OF BOVINE RHODOPSIN IN A TRIGONAL CRYSTAL FORM,BOS TAURUS (BOVINE),SIGNALING PROTEIN,CLASS A,OPSINS,X-RAY DIFFRACTION,2.65,P02699,15491621
1HZX,RHODOPSIN,CRYSTAL STRUCTURE OF BOVINE RHODOPSIN,BOS TAURUS (BOVINE),SIGNALING PROTEIN,CLASS A,OPSINS,X-RAY DIFFRACTION,2.8,P02699,11425302
1JFP,RHODOPSIN,STRUCTURE OF BOVINE RHODOPSIN (DARK ADAPTED),BOS TAURUS (BOVINE),"SIGNALING PROTEIN, MEMBRANE PROTEIN",CLASS A,OPSINS,SOLUTION NMR,NA,P02699,11570894
1L9H,RHODOPSIN,CRYSTAL STRUCTURE OF BOVINE RHODOPSIN AT 2.6 ANGSTROMS RESOLUTION,BOS TAURUS (BOVINE),SIGNALING PROTEIN,CLASS A,OPSINS,X-RAY DIFFRACTION,2.6,P02699,11972040
1LN6,RHODOPSIN,STRUCTURE OF BOVINE RHODOPSIN (METARHODOPSIN II),BOS TAURUS (BOVINE),MEMBRANE PROTEIN,CLASS A,OPSINS,SOLUTION NMR,NA,P02699,12044163
1U19,RHODOPSIN,CRYSTAL STRUCTURE OF BOVINE RHODOPSIN AT 2.2 ANGSTROMS RESOLUTION,BOS TAURUS (BOVINE),SIGNALING PROTEIN,CLASS A,OPSINS,X-RAY DIFFRACTION,2.2,P02699,15327956
2G87,RHODOPSIN,CRYSTALLOGRAPHIC MODEL OF BATHORHODOPSIN,BOS TAURUS (BOVINE),SIGNALING PROTEIN,CLASS A,OPSINS,X-RAY DIFFRACTION,2.6,P02699,16586416
2HPY,RHODOPSIN,CRYSTALLOGRAPHIC MODEL OF LUMIRHODOPSIN,BOS TAURUS (BOVINE),SIGNALING PROTEIN,CLASS A,OPSINS,X-RAY DIFFRACTION,2.8,P02699,16908857
2I35,RHODOPSIN,CRYSTAL STRUCTURE OF RHOMBOHEDRAL CRYSTAL FORM OF GROUND-STATE RHODOPSIN,BOS TAURUS (BOVINE),MEMBRANE PROTEIN,CLASS A,OPSINS,X-RAY DIFFRACTION,3.8,P02699,17060607
2I36,RHODOPSIN,CRYSTAL STRUCTURE OF TRIGONAL CRYSTAL FORM OF GROUND-STATE RHODOPSIN,BOS TAURUS (BOVINE),MEMBRANE PROTEIN,CLASS A,OPSINS,X-RAY DIFFRACTION,4.1,P02699,17060607
2I37,RHODOPSIN,CRYSTAL STRUCTURE OF A PHOTOACTIVATED RHODOPSIN,BOS TAURUS (BOVINE),MEMBRANE PROTEIN,CLASS A,OPSINS,X-RAY DIFFRACTION,4.15,P02699,17060607
2J4Y,RHODOPSIN,CRYSTAL STRUCTURE OF A RHODOPSIN STABILIZING MUTANT EXPRESSED IN MAMMALIAN CELLS,BOS TAURUS (BOVINE),SIGNALING PROTEIN,CLASS A,OPSINS,X-RAY DIFFRACTION,3.4,P02699,17825322
2KS9,SUBSTANCE-P RECEPTOR,SOLUTION CONFORMATION OF SUBSTANCE P IN WATER COMPLEXED WITH NK1R,HOMO SAPIENS (HUMAN),NEUROPEPTIDE RECEPTOR/NEUROPEPTIDE,CLASS A,TACHYKININ RECEPTORS,SOLUTION NMR,NA,P25103,20937248
2KSA,SUBSTANCE-P RECEPTOR,SUBSTANCE P IN DMPC/CHAPS ISOTROPIC Q=0.25 BICELLES AS A LIGAND FOR NK1R,HOMO SAPIENS (HUMAN),NEUROPEPTIDE RECEPTOR/NEUROPEPTIDE,CLASS A,TACHYKININ RECEPTORS,SOLUTION NMR,NA,P25103,20937248
2KSB,SUBSTANCE-P RECEPTOR,SUBSTANCE P IN ISOTROPIC Q=0.25 DMPC/CHAPS/GM1 BICELLES AS A LIGAND FOR NK1R,HOMO SAPIENS (HUMAN),NEUROPEPTIDE RECEPTOR/NEUROPEPTIDE,CLASS A,TACHYKININ RECEPTORS,SOLUTION NMR,NA,P25103,20937248
2LNL,C-X-C CHEMOKINE RECEPTOR TYPE 1,STRUCTURE OF HUMAN CXCR1 IN PHOSPHOLIPID BILAYERS,HOMO SAPIENS (HUMAN),SIGNALING PROTEIN,CLASS A,CHEMOKINES AND CHEMOTACTIC FACTORS RECEPTORS,SOLID-STATE NMR,NA,P25024,23086146
2PED,RHODOPSIN,CRYSTALLOGRAPHIC MODEL OF 9-CIS-RHODOPSIN,BOS TAURUS (BOVINE),SIGNALING PROTEIN,CLASS A,OPSINS,X-RAY DIFFRACTION,2.95,P02699,17449675
2R4R,BETA-2 ADRENERGIC RECEPTOR,CRYSTAL STRUCTURE OF THE HUMAN BETA2 ADRENOCEPTOR,HOMO SAPIENS (HUMAN),SIGNALING PROTEIN,CLASS A,ADRENERGIC RECEPTORS,X-RAY DIFFRACTION,3.4,P07550,17952055
2R4S,BETA-2 ADRENERGIC RECEPTOR,CRYSTAL STRUCTURE OF THE HUMAN BETA2 ADRENOCEPTOR,HOMO SAPIENS (HUMAN),SIGNALING PROTEIN,CLASS A,ADRENERGIC RECEPTORS,X-RAY DIFFRACTION,3.4,P07550,17952055
2RH1,BETA-2 ADRENERGIC RECEPTOR,HIGH RESOLUTION CRYSTAL STRUCTURE OF HUMAN B2-ADRENERGIC G PROTEIN-COUPLED RECEPTOR.,HOMO SAPIENS (HUMAN),MEMBRANE PROTEIN / HYDROLASE,CLASS A,ADRENERGIC RECEPTORS,X-RAY DIFFRACTION,2.4,P07550,17962520
2VT4,BETA-1 ADRENERGIC RECEPTOR,TURKEY BETA1 ADRENERGIC RECEPTOR WITH STABILISING MUTATIONS AND BOUND CYANOPINDOLOL,MELEAGRIS GALLOPAVO (WILD TURKEY),RECEPTOR,CLASS A,ADRENERGIC RECEPTORS,X-RAY DIFFRACTION,2.7,P07700,18594507
2X72,RHODOPSIN,"CRYSTAL STRUCTURE OF THE CONSTITUTIVELY ACTIVE E113Q,D2C,D282C RHODOPSIN MUTANT WITH BOUND GALPHACT PEPTIDE.",BOS TAURUS (BOVINE),SIGNALING PROTEIN,CLASS A,OPSINS,X-RAY DIFFRACTION,3,P02699,21389983
2Y00,BETA-1 ADRENERGIC RECEPTOR,TURKEY BETA1 ADRENERGIC RECEPTOR WITH STABILISING MUTATIONS AND BOUND PARTIAL AGONIST DOBUTAMINE (CRYSTAL DOB92),MELEAGRIS GALLOPAVO (WILD TURKEY),RECEPTOR,CLASS A,ADRENERGIC RECEPTORS,X-RAY DIFFRACTION,2.5,P07700,21228877
2Y01,BETA-1 ADRENERGIC RECEPTOR,TURKEY BETA1 ADRENERGIC RECEPTOR WITH STABILISING MUTATIONS AND BOUND PARTIAL AGONIST DOBUTAMINE (CRYSTAL DOB102),MELEAGRIS GALLOPAVO (WILD TURKEY),RECEPTOR,CLASS A,ADRENERGIC RECEPTORS,X-RAY DIFFRACTION,2.6,P07700,21228877
2Y02,BETA-1 ADRENERGIC RECEPTOR,TURKEY BETA1 ADRENERGIC RECEPTOR WITH STABILISING MUTATIONS AND BOUND AGONIST CARMOTEROL,MELEAGRIS GALLOPAVO (WILD TURKEY),RECEPTOR,CLASS A,ADRENERGIC RECEPTORS,X-RAY DIFFRACTION,2.6,P07700,21228877
2Y03,BETA-1 ADRENERGIC RECEPTOR,TURKEY BETA1 ADRENERGIC RECEPTOR WITH STABILISING MUTATIONS AND BOUND AGONIST ISOPRENALINE,MELEAGRIS GALLOPAVO (WILD TURKEY),RECEPTOR,CLASS A,ADRENERGIC RECEPTORS,X-RAY DIFFRACTION,2.85,P07700,21228877
2Y04,BETA-1 ADRENERGIC RECEPTOR,TURKEY BETA1 ADRENERGIC RECEPTOR WITH STABILISING MUTATIONS AND BOUND PARTIAL AGONIST SALBUTAMOL,MELEAGRIS GALLOPAVO (WILD TURKEY),RECEPTOR,CLASS A,ADRENERGIC RECEPTORS,X-RAY DIFFRACTION,3.05,P07700,21228877
2YCW,BETA-1 ADRENERGIC RECEPTOR,TURKEY BETA1 ADRENERGIC RECEPTOR WITH STABILISING MUTATIONS AND BOUND ANTAGONIST CARAZOLOL,MELEAGRIS GALLOPAVO (WILD TURKEY),RECEPTOR,CLASS A,ADRENERGIC RECEPTORS,X-RAY DIFFRACTION,3,P07700,21540331
2YCX,BETA-1 ADRENERGIC RECEPTOR,TURKEY BETA1 ADRENERGIC RECEPTOR WITH STABILISING MUTATIONS AND BOUND ANTAGONIST CYANOPINDOLOL,MELEAGRIS GALLOPAVO (WILD TURKEY),RECEPTOR,CLASS A,ADRENERGIC RECEPTORS,X-RAY DIFFRACTION,3.25,P07700,21540331
2YCY,BETA-1 ADRENERGIC RECEPTOR,TURKEY BETA1 ADRENERGIC RECEPTOR WITH STABILISING MUTATIONS AND BOUND ANTAGONIST CYANOPINDOLOL,MELEAGRIS GALLOPAVO (WILD TURKEY),RECEPTOR,CLASS A,ADRENERGIC RECEPTORS,X-RAY DIFFRACTION,3.15,P07700,21540331
2YCZ,BETA-1 ADRENERGIC RECEPTOR,TURKEY BETA1 ADRENERGIC RECEPTOR WITH STABILISING MUTATIONS AND BOUND ANTAGONIST IODOCYANOPINDOLOL,MELEAGRIS GALLOPAVO (WILD TURKEY),RECEPTOR,CLASS A,ADRENERGIC RECEPTORS,X-RAY DIFFRACTION,3.65,P07700,21540331
2YDO,ADENOSINE RECEPTOR A2A,THERMOSTABILISED HUMAN A2A RECEPTOR WITH ADENOSINE BOUND,HOMO SAPIENS (HUMAN),RECEPTOR,CLASS A,ADENOSINE AND ADENINE NUCLEOTIDE RECEPTORS,X-RAY DIFFRACTION,3,P29274,21593763
2YDV,ADENOSINE RECEPTOR A2A,THERMOSTABILISED HUMAN A2A RECEPTOR WITH NECA BOUND,HOMO SAPIENS (HUMAN),RECEPTOR,CLASS A,ADENOSINE AND ADENINE NUCLEOTIDE RECEPTORS,X-RAY DIFFRACTION,2.6,P29274,21593763
2Z73,RHODOPSIN,CRYSTAL STRUCTURE OF SQUID RHODOPSIN,TODARODES PACIFICUS (JAPANESE FLYING SQUID),MEMBRANE PROTEIN,CLASS A,OPSINS,X-RAY DIFFRACTION,2.5,P31356,18480818
2ZIY,RHODOPSIN,CRYSTAL STRUCTURE OF SQUID RHODOPSIN,TODARODES PACIFICUS (JAPANESE FLYING SQUID),SIGNALING PROTEIN,CLASS A,OPSINS,X-RAY DIFFRACTION,3.7,P31356,18463093
3AYM,RHODOPSIN,CRYSTAL STRUCTURE OF THE BATHO INTERMEDIATE OF SQUID RHODOPSIN,TODARODES PACIFICUS (JAPANESE FLYING SQUID),SIGNALING PROTEIN,CLASS A,OPSINS,X-RAY DIFFRACTION,2.8,P31356,21906602
3AYN,RHODOPSIN,CRYSTAL STRUCTURE OF SQUID ISORHODOPSIN,TODARODES PACIFICUS (JAPANESE FLYING SQUID),SIGNALING PROTEIN,CLASS A,OPSINS,X-RAY DIFFRACTION,2.7,P31356,21906602
3C9L,RHODOPSIN,STRUCTURE OF GROUND-STATE BOVINE RHODOSPIN IN A HEXAGONAL CRYSTAL FORM,BOS TAURUS (BOVINE),SIGNALING PROTEIN,CLASS A,OPSINS,X-RAY DIFFRACTION,2.65,P02699,18645239
3C9M,RHODOPSIN,STRUCTURE OF A MUTANT BOVINE RHODOPSIN IN HEXAGONAL CRYSTAL FORM,BOS TAURUS (BOVINE),SIGNALING PROTEIN,CLASS A,OPSINS,X-RAY DIFFRACTION,3.4,P02699,18645239
3CAP,RHODOPSIN,CRYSTAL STRUCTURE OF NATIVE OPSIN: THE G PROTEIN-COUPLED RECEPTOR RHODOPSIN IN ITS LIGAND-FREE STATE,BOS TAURUS (BOVINE),SIGNALING PROTEIN,CLASS A,OPSINS,X-RAY DIFFRACTION,2.9,P02699,18563085
3D4S,BETA-2 ADRENERGIC RECEPTOR,CHOLESTEROL BOUND FORM OF HUMAN BETA2 ADRENERGIC RECEPTOR.,HOMO SAPIENS (HUMAN),MEMBRANE PROTEIN,CLASS A,ADRENERGIC RECEPTORS,X-RAY DIFFRACTION,2.8,P07550,18547522
3DQB,RHODOPSIN,CRYSTAL STRUCTURE OF THE ACTIVE G-PROTEIN-COUPLED RECEPTOR OPSIN IN COMPLEX WITH A C-TERMINAL PEPTIDE DERIVED FROM THE GALPHA SUBUNIT OF TRANSDUCIN,BOS TAURUS (BOVINE),SIGNALING PROTEIN,CLASS A,OPSINS,X-RAY DIFFRACTION,3.2,P02699,18818650
3EML,ADENOSINE RECEPTOR A2A,THE 2.6 A CRYSTAL STRUCTURE OF A HUMAN A2A ADENOSINE RECEPTOR BOUND TO ZM241385.,HOMO SAPIENS (HUMAN),"MEMBRANE PROTEIN, RECEPTOR",CLASS A,ADENOSINE AND ADENINE NUCLEOTIDE RECEPTORS,X-RAY DIFFRACTION,2.6,P29274,18832607
3KJ6,BETA-2 ADRENERGIC RECEPTOR,CRYSTAL STRUCTURE OF A METHYLATED BETA2 ADRENERGIC RECEPTOR-FAB COMPLEX,HOMO SAPIENS (HUMAN),SIGNALING PROTEIN,CLASS A,ADRENERGIC RECEPTORS,X-RAY DIFFRACTION,3.4,P07550,20054398
3NY8,BETA-2 ADRENERGIC RECEPTOR,"CRYSTAL STRUCTURE OF THE HUMAN BETA2 ADRENERGIC RECEPTOR IN COMPLEX WITH THE INVERSE AGONIST ICI 118,551",HOMO SAPIENS (HUMAN),MEMBRANE PROTEIN,CLASS A,ADRENERGIC RECEPTORS,X-RAY DIFFRACTION,2.84,P07550,20669948
3NY9,BETA-2 ADRENERGIC RECEPTOR,CRYSTAL STRUCTURE OF THE HUMAN BETA2 ADRENERGIC RECEPTOR IN COMPLEX WITH A NOVEL INVERSE AGONIST,HOMO SAPIENS (HUMAN),MEMBRANE PROTEIN,CLASS A,ADRENERGIC RECEPTORS,X-RAY DIFFRACTION,2.84,P07550,20669948
3NYA,BETA-2 ADRENERGIC RECEPTOR,CRYSTAL STRUCTURE OF THE HUMAN BETA2 ADRENERGIC RECEPTOR IN COMPLEX WITH THE NEUTRAL ANTAGONIST ALPRENOLOL,HOMO SAPIENS (HUMAN),MEMBRANE PROTEIN,CLASS A,ADRENERGIC RECEPTORS,X-RAY DIFFRACTION,3.16,P07550,20669948
3OAX,RHODOPSIN,CRYSTAL STRUCTURE OF BOVINE RHODOPSIN WITH BETA-IONONE,BOS TAURUS (BOVINE),SIGNALING PROTEIN,CLASS A,OPSINS,X-RAY DIFFRACTION,2.6,P02699,20923672
3ODU,C-X-C CHEMOKINE RECEPTOR TYPE 4,THE 2.5 A STRUCTURE OF THE CXCR4 CHEMOKINE RECEPTOR IN COMPLEX WITH SMALL MOLECULE ANTAGONIST IT1T,HOMO SAPIENS (HUMAN),"SIGNALING PROTEIN, HYDROLASE",CLASS A,CHEMOKINES AND CHEMOTACTIC FACTORS RECEPTORS,X-RAY DIFFRACTION,2.5,P61073,20929726
3OE0,C-X-C CHEMOKINE RECEPTOR TYPE 4,CRYSTAL STRUCTURE OF THE CXCR4 CHEMOKINE RECEPTOR IN COMPLEX WITH A CYCLIC PEPTIDE ANTAGONIST CVX15,HOMO SAPIENS (HUMAN),"SIGNALING PROTEIN, HYDROLASE/ANTIBIOTIC",CLASS A,CHEMOKINES AND CHEMOTACTIC FACTORS RECEPTORS,X-RAY DIFFRACTION,2.9,P61073,20929726
3OE6,C-X-C CHEMOKINE RECEPTOR TYPE 4,CRYSTAL STRUCTURE OF THE CXCR4 CHEMOKINE RECEPTOR IN COMPLEX WITH A SMALL MOLECULE ANTAGONIST IT1T IN I222 SPACEGROUP,HOMO SAPIENS (HUMAN),"SIGNALING PROTEIN, HYDROLASE",CLASS A,CHEMOKINES AND CHEMOTACTIC FACTORS RECEPTORS,X-RAY DIFFRACTION,3.2,P61073,20929726
3OE8,C-X-C CHEMOKINE RECEPTOR TYPE 4,CRYSTAL STRUCTURE OF THE CXCR4 CHEMOKINE RECEPTOR IN COMPLEX WITH A SMALL MOLECULE ANTAGONIST IT1T IN P1 SPACEGROUP,HOMO SAPIENS (HUMAN),"SIGNALING PROTEIN, HYDROLASE",CLASS A,CHEMOKINES AND CHEMOTACTIC FACTORS RECEPTORS,X-RAY DIFFRACTION,3.1,P61073,20929726
3OE9,C-X-C CHEMOKINE RECEPTOR TYPE 4,CRYSTAL STRUCTURE OF THE CHEMOKINE CXCR4 RECEPTOR IN COMPLEX WITH A SMALL MOLECULE ANTAGONIST IT1T IN P1 SPACEGROUP,HOMO SAPIENS (HUMAN),"SIGNALING PROTEIN, HYDROLASE",CLASS A,CHEMOKINES AND CHEMOTACTIC FACTORS RECEPTORS,X-RAY DIFFRACTION,3.1,P61073,20929726
3P0G,BETA-2 ADRENERGIC RECEPTOR,STRUCTURE OF A NANOBODY-STABILIZED ACTIVE STATE OF THE BETA2 ADRENOCEPTOR,HOMO SAPIENS (HUMAN),"SIGNALING PROTEIN, HYDROLASE",CLASS A,ADRENERGIC RECEPTORS,X-RAY DIFFRACTION,3.5,P07550,21228869
3PBL,D(3) DOPAMINE RECEPTOR,STRUCTURE OF THE HUMAN DOPAMINE D3 RECEPTOR IN COMPLEX WITH ETICLOPRIDE,HOMO SAPIENS (HUMAN),HYDROLASE/HYDROLASE INHIBITOR,CLASS A,DOPAMINE RECEPTORS,X-RAY DIFFRACTION,2.89,P35462,21097933
3PDS,BETA-2 ADRENERGIC RECEPTOR,IRREVERSIBLE AGONIST-BETA2 ADRENOCEPTOR COMPLEX,HOMO SAPIENS (HUMAN),MEMBRANE PROTEIN/HYDROLASE,CLASS A,ADRENERGIC RECEPTORS,X-RAY DIFFRACTION,3.5,P07550,21228876
3PQR,RHODOPSIN,CRYSTAL STRUCTURE OF METARHODOPSIN II IN COMPLEX WITH A C-TERMINAL PEPTIDE DERIVED FROM THE GALPHA SUBUNIT OF TRANSDUCIN,BOS TAURUS (BOVINE),SIGNALING PROTEIN,CLASS A,OPSINS,X-RAY DIFFRACTION,2.85,P02699,21389988
3PWH,ADENOSINE RECEPTOR A2A,THERMOSTABILISED ADENOSINE A2A RECEPTOR,HOMO SAPIENS (HUMAN),SIGNALING PROTEIN,CLASS A,ADENOSINE AND ADENINE NUCLEOTIDE RECEPTORS,X-RAY DIFFRACTION,3.3,P29274,21885291
3PXO,RHODOPSIN,CRYSTAL STRUCTURE OF METARHODOPSIN II,BOS TAURUS (BOVINE),SIGNALING PROTEIN,CLASS A,OPSINS,X-RAY DIFFRACTION,3,P02699,21389988
3QAK,ADENOSINE RECEPTOR A2A,AGONIST BOUND STRUCTURE OF THE HUMAN ADENOSINE A2A RECEPTOR,HOMO SAPIENS (HUMAN),"SIGNALING PROTEIN, HYDROLASE",CLASS A,ADENOSINE AND ADENINE NUCLEOTIDE RECEPTORS,X-RAY DIFFRACTION,2.71,P29274,21393508
3REY,ADENOSINE RECEPTOR A2A,THERMOSTABILISED ADENOSINE A2A RECEPTOR IN COMPLEX WITH XAC,HOMO SAPIENS (HUMAN),SIGNALING PROTEIN,CLASS A,ADENOSINE AND ADENINE NUCLEOTIDE RECEPTORS,X-RAY DIFFRACTION,3.31,P29274,21885291
3RFM,ADENOSINE RECEPTOR A2A,THERMOSTABILISED ADENOSINE A2A RECEPTOR IN COMPLEX WITH CAFFEINE,HOMO SAPIENS (HUMAN),SIGNALING PROTEIN,CLASS A,ADENOSINE AND ADENINE NUCLEOTIDE RECEPTORS,X-RAY DIFFRACTION,3.6,P29274,21885291
3RZE,HISTAMINE H1 RECEPTOR,STRUCTURE OF THE HUMAN HISTAMINE H1 RECEPTOR IN COMPLEX WITH DOXEPIN,HOMO SAPIENS (HUMAN),HYDROLASE,CLASS A,HISTAMINE RECEPTORS,X-RAY DIFFRACTION,3.1,P35367,21697825
3SN6,BETA-2 ADRENERGIC RECEPTOR,CRYSTAL STRUCTURE OF THE BETA2 ADRENERGIC RECEPTOR-GS PROTEIN COMPLEX,HOMO SAPIENS (HUMAN),SIGNALING PROTEIN/HYDROLASE,CLASS A,ADRENERGIC RECEPTORS,X-RAY DIFFRACTION,3.2,P07550,21772288
3UON,MUSCARINIC ACETYLCHOLINE RECEPTOR M2,STRUCTURE OF THE HUMAN M2 MUSCARINIC ACETYLCHOLINE RECEPTOR BOUND TO AN ANTAGONIST,HOMO SAPIENS (HUMAN),SIGNALING PROTEIN/ANTAGONIST,CLASS A,ACETYLCHOLINE (MUSCARINIC) RECEPTORS,X-RAY DIFFRACTION,3,P08172,22278061
3UZA,ADENOSINE RECEPTOR A2A,"THERMOSTABILISED ADENOSINE A2A RECEPTOR IN COMPLEX WITH 6-(2,6-DIMETHYLPYRIDIN-4-YL)-5-PHENYL-1,2,4-TRIAZIN-3-AMINE",HOMO SAPIENS (HUMAN),SIGNALING PROTEIN,CLASS A,ADENOSINE AND ADENINE NUCLEOTIDE RECEPTORS,X-RAY DIFFRACTION,3.27,P29274,22220592
3UZC,ADENOSINE RECEPTOR A2A,"THERMOSTABILISED ADENOSINE A2A RECEPTOR IN COMPLEX WITH 4-(3-AMINO-5-PHENYL-1,2,4-TRIAZIN-6-YL)-2-CHLOROPHENOL",HOMO SAPIENS (HUMAN),SIGNALING PROTEIN,CLASS A,ADENOSINE AND ADENINE NUCLEOTIDE RECEPTORS,X-RAY DIFFRACTION,3.34,P29274,22220592
3V2W,SPHINGOSINE 1-PHOSPHATE RECEPTOR 1,CRYSTAL STRUCTURE OF A LIPID G PROTEIN-COUPLED RECEPTOR AT 3.35A,HOMO SAPIENS (HUMAN),HYDROLASE,CLASS A,LYSOLIPIDS RECEPTORS,X-RAY DIFFRACTION,3.35,P21453,22344443
3V2Y,SPHINGOSINE 1-PHOSPHATE RECEPTOR 1,CRYSTAL STRUCTURE OF A LIPID G PROTEIN-COUPLED RECEPTOR AT 2.80A,HOMO SAPIENS (HUMAN),HYDROLASE,CLASS A,LYSOLIPIDS RECEPTORS,X-RAY DIFFRACTION,2.8,P21453,22344443
3VG9,ADENOSINE RECEPTOR A2A,CRYSTAL STRUCTURE OF HUMAN ADENOSINE A2A RECEPTOR WITH AN ALLOSTERIC INVERSE-AGONIST ANTIBODY AT 2.7 A RESOLUTION,HOMO SAPIENS (HUMAN),SIGNALING PROTEIN,CLASS A,ADENOSINE AND ADENINE NUCLEOTIDE RECEPTORS,X-RAY DIFFRACTION,2.7,P29274,22286059
3VGA,ADENOSINE RECEPTOR A2A,CRYSTAL STRUCTURE OF HUMAN ADENOSINE A2A RECEPTOR WITH AN ALLOSTERIC INVERSE-AGONIST ANTIBODY AT 3.1 A RESOLUTION,HOMO SAPIENS (HUMAN),SIGNALING PROTEIN,CLASS A,ADENOSINE AND ADENINE NUCLEOTIDE RECEPTORS,X-RAY DIFFRACTION,3.1,P29274,22286059
3VW7,PROTEINASE-ACTIVATED RECEPTOR 1,CRYSTAL STRUCTURE OF HUMAN PROTEASE-ACTIVATED RECEPTOR 1 (PAR1) BOUND WITH ANTAGONIST VORAPAXAR AT 2.2 ANGSTROM,HOMO SAPIENS (HUMAN),SIGNALING PROTEIN/ANTAGONIST,CLASS A,PROTEINASE-ACTIVATED RECEPTORS,X-RAY DIFFRACTION,2.2,P25116,23222541
3ZEV,NEUROTENSIN RECEPTOR TYPE 1,STRUCTURE OF THERMOSTABLE AGONIST-BOUND NEUROTENSIN RECEPTOR 1 MUTANT WITHOUT LYSOZYME FUSION,RATTUS NORVEGICUS (RAT),SIGNALING PROTEIN,CLASS A,NEUROTENSIN RECEPTORS,X-RAY DIFFRACTION,3,P20789,24453215
3ZPQ,BETA-1 ADRENERGIC RECEPTOR,THERMOSTABILISED TURKEY BETA1 ADRENERGIC RECEPTOR WITH 4-(PIPERAZIN-1- YL)-1H-INDOLE BOUND (COMPOUND 19),MELEAGRIS GALLOPAVO (WILD TURKEY),MEMBRANE PROTEIN,CLASS A,ADRENERGIC RECEPTORS,X-RAY DIFFRACTION,2.8,P07700,23517028
3ZPR,BETA-1 ADRENERGIC RECEPTOR,THERMOSTABILISED TURKEY BETA1 ADRENERGIC RECEPTOR WITH 4-METHYL-2-(PIPERAZIN-1-YL) QUINOLINE BOUND,MELEAGRIS GALLOPAVO (WILD TURKEY),MEMBRANE PROTEIN,CLASS A,ADRENERGIC RECEPTORS,X-RAY DIFFRACTION,2.7,P07700,23517028
4A4M,RHODOPSIN,"CRYSTAL STRUCTURE OF THE LIGHT-ACTIVATED CONSTITUTIVELY ACTIVE N2C, M257Y,D282C RHODOPSIN MUTANT IN COMPLEX WITH A PEPTIDE RESEMBLING THE C-TERMINUS OF THE GALPHA-PROTEIN SUBUNIT (GACT)",BOS TAURUS (BOVINE),SIGNALING PROTEIN,CLASS A,OPSINS,X-RAY DIFFRACTION,3.3,P02699,22198838
4AMI,BETA-1 ADRENERGIC RECEPTOR,TURKEY BETA1 ADRENERGIC RECEPTOR WITH STABILISING MUTATIONS AND BOUND BIASED AGONIST BUCINDOLOL,MELEAGRIS GALLOPAVO (WILD TURKEY),MEMBRANE PROTEIN,CLASS A,ADRENERGIC RECEPTORS,X-RAY DIFFRACTION,3.2,P07700,22579251
4AMJ,BETA-1 ADRENERGIC RECEPTOR,TURKEY BETA1 ADRENERGIC RECEPTOR WITH STABILISING MUTATIONS AND BOUND BIASED AGONIST CARVEDILOL,MELEAGRIS GALLOPAVO (WILD TURKEY),MEMBRANE PROTEIN,CLASS A,ADRENERGIC RECEPTORS,X-RAY DIFFRACTION,2.3,P07700,22579251
4BEY,RHODOPSIN,NIGHT BLINDNESS CAUSING G90D RHODOPSIN IN COMPLEX WITH GACT2 PEPTIDE,BOS TAURUS (BOVINE),MEMBRANE PROTEIN,CLASS A,OPSINS,X-RAY DIFFRACTION,2.9,P02699,23579341
4BEZ,RHODOPSIN,NIGHT BLINDNESS CAUSING G90D RHODOPSIN IN THE ACTIVE CONFORMATION,BOS TAURUS (BOVINE),MEMBRANE PROTEIN,CLASS A,OPSINS,X-RAY DIFFRACTION,3.3,P02699,23579341
4BUO,NEUROTENSIN RECEPTOR TYPE 1,HIGH RESOLUTION STRUCTURE OF THERMOSTABLE AGONIST-BOUND NEUROTENSIN RECEPTOR 1 MUTANT WITHOUT LYSOZYME FUSION,RATTUS NORVEGICUS (RAT),SIGNALING PROTEIN,CLASS A,NEUROTENSIN RECEPTORS,X-RAY DIFFRACTION,2.75,P20789,24453215
4BV0,NEUROTENSIN RECEPTOR TYPE 1,HIGH RESOLUTION STRUCTURE OF EVOLVED AGONIST-BOUND NEUROTENSIN RECEPTOR 1 MUTANT WITHOUT LYSOZYME FUSION,RATTUS NORVEGICUS (RAT),SIGNALING PROTEIN,CLASS A,NEUROTENSIN RECEPTORS,X-RAY DIFFRACTION,3.1,P20789,24453215
4BVN,BETA-1 ADRENERGIC RECEPTOR,ULTRA-THERMOSTABLE BETA1-ADRENOCEPTOR WITH CYANOPINDOLOL BOUND,MELEAGRIS GALLOPAVO (WILD TURKEY),SIGNALING PROTEIN,CLASS A,ADRENERGIC RECEPTORS,X-RAY DIFFRACTION,2.1,P07700,24663151
4BWB,NEUROTENSIN RECEPTOR TYPE 1,STRUCTURE OF EVOLVED AGONIST-BOUND NEUROTENSIN RECEPTOR 1 MUTANT WITHOUT LYSOZYME FUSION,RATTUS NORVEGICUS (RAT),SIGNALING PROTEIN,CLASS A,NEUROTENSIN RECEPTORS,X-RAY DIFFRACTION,3.57,P20789,24453215
4DAJ,MUSCARINIC ACETYLCHOLINE RECEPTOR M3,STRUCTURE OF THE M3 MUSCARINIC ACETYLCHOLINE RECEPTOR,RATTUS NORVEGICUS (RAT),"SIGNALING PROTEIN, HYDROLASE",CLASS A,ACETYLCHOLINE (MUSCARINIC) RECEPTORS,X-RAY DIFFRACTION,3.4,P08483,22358844
4DJH,KAPPA-TYPE OPIOID RECEPTOR,STRUCTURE OF THE HUMAN KAPPA OPIOID RECEPTOR IN COMPLEX WITH JDTIC,HOMO SAPIENS (HUMAN),HORMONE RECEPTOR/ANTAGONIST,CLASS A,OPIOID PEPTIDES RECEPTORS,X-RAY DIFFRACTION,2.9,P41145,22437504
4DKL,MU-TYPE OPIOID RECEPTOR,CRYSTAL STRUCTURE OF THE MU-OPIOID RECEPTOR BOUND TO A MORPHINAN ANTAGONIST,MUS MUSCULUS (MOUSE),SIGNALING PROTEIN/ANTAGONIST,CLASS A,OPIOID PEPTIDES RECEPTORS,X-RAY DIFFRACTION,2.8,P42866,22437502
4EA3,NOCICEPTIN RECEPTOR,STRUCTURE OF THE N/OFQ OPIOID RECEPTOR IN COMPLEX WITH A PEPTIDE MIMETIC,HOMO SAPIENS (HUMAN),SIGNALING PROTEIN,CLASS A,OPIOID PEPTIDES RECEPTORS,X-RAY DIFFRACTION,3.01,P41146,22596163
4EIY,ADENOSINE RECEPTOR A2A,CRYSTAL STRUCTURE OF THE CHIMERIC PROTEIN OF A2AAR-BRIL IN COMPLEX WITH ZM241385 AT 1.8A RESOLUTION,HOMO SAPIENS (HUMAN),MEMBRANE PROTEIN,CLASS A,ADENOSINE AND ADENINE NUCLEOTIDE RECEPTORS,X-RAY DIFFRACTION,1.8,P29274,22798613
4EJ4,DELTA-TYPE OPIOID RECEPTOR,STRUCTURE OF THE DELTA OPIOID RECEPTOR BOUND TO NALTRINDOLE,MUS MUSCULUS (MOUSE),"SIGNALING PROTEIN, HYDROLASE/ANTAGONIST",CLASS A,OPIOID PEPTIDES RECEPTORS,X-RAY DIFFRACTION,3.4,P32300,22596164
4GBR,BETA-2 ADRENERGIC RECEPTOR,N-TERMINAL T4 LYSOZYME FUSION FACILITATES CRYSTALLIZATION OF A G PROTEIN COUPLED RECEPTOR,HOMO SAPIENS (HUMAN),MEMBRANE PROTEIN/HYDROLASE,CLASS A,ADRENERGIC RECEPTORS,X-RAY DIFFRACTION,3.99,P07550,23056231
4GPO,BETA-1 ADRENERGIC RECEPTOR,OLIGOMEIC TURKEY BETA1-ADRENERGIC G PROTEIN-COUPLED RECEPTOR,MELEAGRIS GALLOPAVO (WILD TURKEY),RECEPTOR,CLASS A,ADRENERGIC RECEPTORS,X-RAY DIFFRACTION,3.5,P07700,23435379
4GRV,NEUROTENSIN RECEPTOR TYPE 1,THE CRYSTAL STRUCTURE OF THE NEUROTENSIN RECEPTOR NTS1 IN COMPLEX WITH NEUROTENSIN (8-13),RATTUS NORVEGICUS (RAT),SIGNALING PROTEIN/AGONIST,CLASS A,NEUROTENSIN RECEPTORS,X-RAY DIFFRACTION,2.8,P20789,23051748
4IAQ,5-HYDROXYTRYPTAMINE RECEPTOR 1B,CRYSTAL STRUCTURE OF THE CHIMERIC PROTEIN OF 5-HT1B-BRIL IN COMPLEX WITH DIHYDROERGOTAMINE (PSI COMMUNITY TARGET),HOMO SAPIENS (HUMAN),"SIGNALING PROTEIN, ELECTRON TRANSPORT",CLASS A,SEROTONIN RECEPTORS,X-RAY DIFFRACTION,2.8,P28222,23519210
4IAR,5-HYDROXYTRYPTAMINE RECEPTOR 1B,CRYSTAL STRUCTURE OF THE CHIMERIC PROTEIN OF 5-HT1B-BRIL IN COMPLEX WITH ERGOTAMINE (PSI COMMUNITY TARGET),HOMO SAPIENS (HUMAN),"SIGNALING PROTEIN, ELECTRON TRANSPORT",CLASS A,SEROTONIN RECEPTORS,X-RAY DIFFRACTION,2.7,P28222,23519210
4IB4,5-HYDROXYTRYPTAMINE RECEPTOR 2B,CRYSTAL STRUCTURE OF THE CHIMERIC PROTEIN OF 5-HT2B-BRIL IN COMPLEX WITH ERGOTAMINE,HOMO SAPIENS (HUMAN),"SIGNALING PROTEIN, ELECTRON TRANSPORT",CLASS A,SEROTONIN RECEPTORS,X-RAY DIFFRACTION,2.7,P41595,23519215
4J4Q,RHODOPSIN,CRYSTAL STRUCTURE OF ACTIVE CONFORMATION OF GPCR OPSIN STABILIZED BY OCTYLGLUCOSIDE,BOS TAURUS (BOVINE),SIGNALING PROTEIN,CLASS A,OPSINS,X-RAY DIFFRACTION,2.65,P02699,24038729
4JKV,SMOOTHENED HOMOLOG,STRUCTURE OF THE HUMAN SMOOTHENED 7TM RECEPTOR IN COMPLEX WITH AN ANTITUMOR AGENT,HOMO SAPIENS (HUMAN),MEMBRANE PROTEIN,CLASS F,NA,X-RAY DIFFRACTION,2.45,Q99835,23636324
4K5Y,CORTICOTROPIN-RELEASING FACTOR RECEPTOR 1,CRYSTAL STRUCTURE OF HUMAN CORTICOTROPIN-RELEASING FACTOR RECEPTOR 1 (CRF1R) IN COMPLEX WITH THE ANTAGONIST CP-376395,HOMO SAPIENS (HUMAN),"MEMBRANE PROTEIN, RECEPTOR",CLASS B,NA,X-RAY DIFFRACTION,2.98,P34998,23863939
4L6R,GLUCAGON RECEPTOR,STRUCTURE OF THE CLASS B HUMAN GLUCAGON G PROTEIN COUPLED RECEPTOR,HOMO SAPIENS (HUMAN),MEMBRANE PROTEIN,CLASS B,NA,X-RAY DIFFRACTION,3.3,P47871,23863937
4LDE,BETA-2 ADRENERGIC RECEPTOR,STRUCTURE OF BETA2 ADRENOCEPTOR BOUND TO BI167107 AND AN ENGINEERED NANOBODY,HOMO SAPIENS (HUMAN),MEMBRANE PROTEIN/HYDROLASE,CLASS A,ADRENERGIC RECEPTORS,X-RAY DIFFRACTION,2.79,P07550,24056936
4LDL,BETA-2 ADRENERGIC RECEPTOR,STRUCTURE OF BETA2 ADRENOCEPTOR BOUND TO HYDROXYBENZYLISOPROTERENOL AND AN ENGINEERED NANOBODY,HOMO SAPIENS (HUMAN),MEMBRANE PROTEIN/HYDROLASE,CLASS A,ADRENERGIC RECEPTORS,X-RAY DIFFRACTION,3.1,P07550,24056936
4LDO,BETA-2 ADRENERGIC RECEPTOR,STRUCTURE OF BETA2 ADRENOCEPTOR BOUND TO ADRENALINE AND AN ENGINEERED NANOBODY,HOMO SAPIENS (HUMAN),MEMBRANE PROTEIN/HYDROLASE,CLASS A,ADRENERGIC RECEPTORS,X-RAY DIFFRACTION,3.2,P07550,24056936
4MBS,C-C CHEMOKINE RECEPTOR TYPE 5,CRYSTAL STRUCTURE OF THE CCR5 CHEMOKINE RECEPTOR,HOMO SAPIENS (HUMAN),SIGNALING PROTEIN,CLASS A,CHEMOKINES AND CHEMOTACTIC FACTORS RECEPTORS,X-RAY DIFFRACTION,2.71,P51681,24030490
4MQS,MUSCARINIC ACETYLCHOLINE RECEPTOR M2,STRUCTURE OF ACTIVE HUMAN M2 MUSCARINIC ACETYLCHOLINE RECEPTOR BOUND TO THE AGONIST IPEROXO,HOMO SAPIENS (HUMAN),SIGNALING PROTEIN,CLASS A,ACETYLCHOLINE (MUSCARINIC) RECEPTORS,X-RAY DIFFRACTION,3.5,P08172,24256733
4MQT,MUSCARINIC ACETYLCHOLINE RECEPTOR M2,STRUCTURE OF ACTIVE HUMAN M2 MUSCARINIC ACETYLCHOLINE RECEPTOR BOUND TO THE AGONIST IPEROXO AND ALLOSTERIC MODULATOR LY2119620,HOMO SAPIENS (HUMAN),SIGNALING PROTEIN,CLASS A,ACETYLCHOLINE (MUSCARINIC) RECEPTORS,X-RAY DIFFRACTION,3.7,P08172,24256733
4N4W,SMOOTHENED HOMOLOG,STRUCTURE OF THE HUMAN SMOOTHENED RECEPTOR IN COMPLEX WITH SANT-1.,HOMO SAPIENS (HUMAN),"MEMBRANE PROTEIN, TRANSPORT PROTEIN",CLASS F,NA,X-RAY DIFFRACTION,2.8,Q99835,25008467
4N6H,DELTA-TYPE OPIOID RECEPTOR,1.8 A STRUCTURE OF THE HUMAN DELTA OPIOID 7TM RECEPTOR (PSI COMMUNITY TARGET),HOMO SAPIENS (HUMAN),SIGNALING PROTEIN,CLASS A,OPIOID PEPTIDES RECEPTORS,X-RAY DIFFRACTION,1.8,P41143,24413399
4NC3,5-HYDROXYTRYPTAMINE RECEPTOR 2B,CRYSTAL STRUCTURE OF THE 5-HT2B RECEPTOR SOLVED USING SERIAL FEMTOSECOND CRYSTALLOGRAPHY IN LIPIDIC CUBIC PHASE.,HOMO SAPIENS (HUMAN),"SIGNALING PROTEIN, ELECTRON TRANSPORT",CLASS A,SEROTONIN RECEPTORS,X-RAY DIFFRACTION,2.8,P41595,24357322
4NTJ,P2Y PURINOCEPTOR 12,STRUCTURE OF THE HUMAN P2Y12 RECEPTOR IN COMPLEX WITH AN ANTITHROMBOTIC DRUG,HOMO SAPIENS (HUMAN),MEMBRANE PROTEIN,CLASS A,ADENOSINE AND ADENINE NUCLEOTIDE RECEPTORS,X-RAY DIFFRACTION,2.62,Q9H244,24670650
4O9R,SMOOTHENED HOMOLOG,HUMAN SMOOTHENED RECEPTOR STRUCTURE IN COMPLEX WITH CYCLOPAMINE,HOMO SAPIENS (HUMAN),SIGNALING PROTEIN,CLASS F,NA,X-RAY DIFFRACTION,3.2,Q99835,24525480
4OO9,METABOTROPIC GLUTAMATE RECEPTOR 5,STRUCTURE OF THE HUMAN CLASS C GPCR METABOTROPIC GLUTAMATE RECEPTOR 5 TRANSMEMBRANE DOMAIN IN COMPLEX WITH THE NEGATIVE ALLOSTERIC MODULATOR MAVOGLURANT,HOMO SAPIENS (HUMAN),MEMBRANE PROTEIN,CLASS C,NA,X-RAY DIFFRACTION,2.6,P41594,25042998
4OR2,METABOTROPIC GLUTAMATE RECEPTOR 1,HUMAN CLASS C G PROTEIN-COUPLED METABOTROPIC GLUTAMATE RECEPTOR 1 IN COMPLEX WITH A NEGATIVE ALLOSTERIC MODULATOR,HOMO SAPIENS (HUMAN),SIGNALING PROTEIN,CLASS C,NA,X-RAY DIFFRACTION,2.8,Q13255,24603153
4PHU,FREE FATTY ACID RECEPTOR 1,CRYSTAL STRUCTURE OF HUMAN GPR40 BOUND TO ALLOSTERIC AGONIST TAK-875,HOMO SAPIENS (HUMAN),FATTY ACID BINDING PROTEIN/HYDROLASE,CLASS A,FREE FATTY ACID RECEPTORS,X-RAY DIFFRACTION,2.33,O14842,25043059
4PXF,RHODOPSIN,CRYSTAL STRUCTURE OF THE ACTIVE G-PROTEIN-COUPLED RECEPTOR OPSIN IN COMPLEX WITH THE FINGER-LOOP PEPTIDE DERIVED FROM THE FULL-LENGTH ARRESTIN-1,BOS TAURUS (BOVINE),SIGNALING PROTEIN,CLASS A,OPSINS,X-RAY DIFFRACTION,2.75,P02699,25205354
4PXZ,P2Y PURINOCEPTOR 12,CRYSTAL STRUCTURE OF P2Y12 RECEPTOR IN COMPLEX WITH 2MESADP,HOMO SAPIENS (HUMAN),MEMBRANE PROTEIN,CLASS A,ADENOSINE AND ADENINE NUCLEOTIDE RECEPTORS,X-RAY DIFFRACTION,2.5,Q9H244,24784220
4PY0,P2Y PURINOCEPTOR 12,CRYSTAL STRUCTURE OF P2Y12 RECEPTOR IN COMPLEX WITH 2MESATP,HOMO SAPIENS (HUMAN),MEMBRANE PROTEIN,CLASS A,ADENOSINE AND ADENINE NUCLEOTIDE RECEPTORS,X-RAY DIFFRACTION,3.1,Q9H244,24784220
4QIM,SMOOTHENED HOMOLOG,STRUCTURE OF THE HUMAN SMOOTHENED RECEPTOR IN COMPLEX WITH ANTA XV,HOMO SAPIENS (HUMAN),SIGNALING PROTEIN,CLASS F,NA,X-RAY DIFFRACTION,2.61,Q99835,25008467
4QIN,SMOOTHENED HOMOLOG,STRUCTURE OF THE HUMAN SMOOTHENED RECEPTOR IN COMPLEX WITH SAG1.5,HOMO SAPIENS (HUMAN),SIGNALING PROTEIN,CLASS F,NA,X-RAY DIFFRACTION,2.6,Q99835,25008467
4QKX,BETA-2 ADRENERGIC RECEPTOR,STRUCTURE OF BETA2 ADRENOCEPTOR BOUND TO A COVALENT AGONIST AND AN ENGINEERED NANOBODY,HOMO SAPIENS (HUMAN),MEMBRANE PROTEIN/IMMUNE SYSTEM,CLASS A,ADRENERGIC RECEPTORS,X-RAY DIFFRACTION,3.3,P07550,25006259
4RWA,DELTA-TYPE OPIOID RECEPTOR,SYNCHROTRON STRUCTURE OF THE HUMAN DELTA OPIOID RECEPTOR IN COMPLEX WITH A BIFUNCTIONAL PEPTIDE (PSI COMMUNITY TARGET),HOMO SAPIENS (HUMAN),MEMBRANE PROTEIN,CLASS A,OPIOID PEPTIDES RECEPTORS,X-RAY DIFFRACTION,3.28,P41143,25686086
4RWD,DELTA-TYPE OPIOID RECEPTOR,XFEL STRUCTURE OF THE HUMAN DELTA OPIOID RECEPTOR IN COMPLEX WITH A BIFUNCTIONAL PEPTIDE,HOMO SAPIENS (HUMAN),MEMBRANE PROTEIN,CLASS A,OPIOID PEPTIDES RECEPTORS,X-RAY DIFFRACTION,2.7,P41143,25686086
4RWS,C-X-C CHEMOKINE RECEPTOR TYPE 4,CRYSTAL STRUCTURE OF CXCR4 AND VIRAL CHEMOKINE ANTAGONIST VMIP-II COMPLEX (PSI COMMUNITY TARGET),HOMO SAPIENS (HUMAN),"SIGNALING PROTEIN, HYDROLASE",CLASS A,CHEMOKINES AND CHEMOTACTIC FACTORS RECEPTORS,X-RAY DIFFRACTION,3.1,P61073,25612609
4S0V,OREXIN RECEPTOR TYPE 2,CRYSTAL STRUCTURE OF THE HUMAN OX2 OREXIN RECEPTOR BOUND TO THE INSOMNIA DRUG SUVOREXANT,HOMO SAPIENS (HUMAN),SIGNALING PROTEIN,CLASS A,OREXINS RECEPTORS,X-RAY DIFFRACTION,2.5,O43614,25533960
4U14,MUSCARINIC ACETYLCHOLINE RECEPTOR M3,STRUCTURE OF THE M3 MUSCARINIC ACETYLCHOLINE RECEPTOR BOUND TO THE ANTAGONIST TIOTROPIUM CRYSTALLIZED WITH DISULFIDE-STABILIZED T4 LYSOZYME (DST4L),RATTUS NORVEGICUS (RAT),MEMBRANE PROTEIN,CLASS A,ACETYLCHOLINE (MUSCARINIC) RECEPTORS,X-RAY DIFFRACTION,3.57,P08483,25450769
4U15,MUSCARINIC ACETYLCHOLINE RECEPTOR M3,M3-MT4L RECEPTOR BOUND TO TIOTROPIUM,RATTUS NORVEGICUS (RAT),MEMBRANE PROTEIN/INHIBITOR,CLASS A,ACETYLCHOLINE (MUSCARINIC) RECEPTORS,X-RAY DIFFRACTION,2.8,P08483,25450769
4U16,MUSCARINIC ACETYLCHOLINE RECEPTOR M3,M3-MT4L RECEPTOR BOUND TO NMS,RATTUS NORVEGICUS (RAT),MEMBRANE PROTEIN/INHIBITOR,CLASS A,ACETYLCHOLINE (MUSCARINIC) RECEPTORS,X-RAY DIFFRACTION,3.7,P08483,25450769
4UG2,ADENOSINE RECEPTOR A2A,THERMOSTABILISED HUMAN A2A RECEPTOR WITH CGS21680 BOUND,HOMO SAPIENS (HUMAN),SIGNALING PROTEIN,CLASS A,ADENOSINE AND ADENINE NUCLEOTIDE RECEPTORS,X-RAY DIFFRACTION,2.6,P29274,25762024
4UHR,ADENOSINE RECEPTOR A2A,THERMOSTABILISED HUMAN A2A RECEPTOR WITH CGS21680 BOUND,HOMO SAPIENS (HUMAN),SIGNALING PROTEIN,CLASS A,ADENOSINE AND ADENINE NUCLEOTIDE RECEPTORS,X-RAY DIFFRACTION,2.6,P29274,25762024
4WW3,RHODOPSIN,CRYSTAL STRUCTURE OF THE LUMI INTERMEDIATE OF SQUID RHODOPSIN,TODARODES PACIFICUS (JAPANESE FLYING SQUID),SIGNALING PROTEIN,CLASS A,OPSINS,X-RAY DIFFRACTION,2.8,P31356,26024518
4X1H,RHODOPSIN,OPSIN/G(ALPHA) PEPTIDE COMPLEX STABILIZED BY NONYL-GLUCOSIDE,BOS TAURUS (BOVINE),SIGNALING PROTEIN,CLASS A,OPSINS,X-RAY DIFFRACTION,2.29,P02699,26526852
4XEE,NEUROTENSIN RECEPTOR TYPE 1,STRUCTURE OF ACTIVE-LIKE NEUROTENSIN RECEPTOR,RATTUS NORVEGICUS (RAT),"SIGNALING PROTEIN, HYDROLASE",CLASS A,NEUROTENSIN RECEPTORS,X-RAY DIFFRACTION,2.9,P20789,26205105
4XES,NEUROTENSIN RECEPTOR TYPE 1,STRUCTURE OF ACTIVE-LIKE NEUROTENSIN RECEPTOR,RATTUS NORVEGICUS (RAT),"SIGNALING PROTEIN, HYDROLASE",CLASS A,NEUROTENSIN RECEPTORS,X-RAY DIFFRACTION,2.6,P20789,26205105
4XNV,P2Y PURINOCEPTOR 1,THE HUMAN P2Y1 RECEPTOR IN COMPLEX WITH BPTU,HOMO SAPIENS (HUMAN),TRANSPORT PROTEIN/INHIBITOR,CLASS A,ADENOSINE AND ADENINE NUCLEOTIDE RECEPTORS,X-RAY DIFFRACTION,2.2,P47900,25822790
4XNW,P2Y PURINOCEPTOR 1,THE HUMAN P2Y1 RECEPTOR IN COMPLEX WITH MRS2500,HOMO SAPIENS (HUMAN),TRANSPORT PROTEIN,CLASS A,ADENOSINE AND ADENINE NUCLEOTIDE RECEPTORS,X-RAY DIFFRACTION,2.7,P47900,25822790
4XT1,G-PROTEIN COUPLED RECEPTOR HOMOLOG US28,STRUCTURE OF A NANOBODY-BOUND VIRAL GPCR BOUND TO HUMAN CHEMOKINE CX3CL1,HUMAN CYTOMEGALOVIRUS (STRAIN AD169) (HHV-5),VIRAL PROTEIN/SIGNALLING PROTEIN,CLASS A,VIRAL RECEPTORS,X-RAY DIFFRACTION,2.89,P69332,25745166
4XT3,G-PROTEIN COUPLED RECEPTOR HOMOLOG US28,STRUCTURE OF A VIRAL GPCR BOUND TO HUMAN CHEMOKINE CX3CL1,HUMAN CYTOMEGALOVIRUS (STRAIN AD169) (HHV-5),VIRAL PROTEIN/SIGNALLING PROTEIN,CLASS A,VIRAL RECEPTORS,X-RAY DIFFRACTION,3.8,P69332,25745166
4YAY,TYPE-1 ANGIOTENSIN II RECEPTOR,XFEL STRUCTURE OF HUMAN ANGIOTENSIN RECEPTOR,HOMO SAPIENS (HUMAN),MEMBRANE PROTEIN,CLASS A,ANGIOTENSIN RECEPTORS,X-RAY DIFFRACTION,2.9,P30556,25913193
4Z34,LYSOPHOSPHATIDIC ACID RECEPTOR 1,CRYSTAL STRUCTURE OF HUMAN LYSOPHOSPHATIDIC ACID RECEPTOR 1 IN COMPLEX WITH ONO9780307,HOMO SAPIENS (HUMAN),TRANSPORT PROTEIN/INHIBITOR,CLASS A,LYSOLIPIDS RECEPTORS,X-RAY DIFFRACTION,3,Q92633,26091040
4Z35,LYSOPHOSPHATIDIC ACID RECEPTOR 1,CRYSTAL STRUCTURE OF HUMAN LYSOPHOSPHATIDIC ACID RECEPTOR 1 IN COMPLEX WITH ONO-9910539,HOMO SAPIENS (HUMAN),TRANSPORT PROTEIN/INHIBITOR,CLASS A,LYSOLIPIDS RECEPTORS,X-RAY DIFFRACTION,2.9,Q92633,26091040
4Z36,LYSOPHOSPHATIDIC ACID RECEPTOR 1,CRYSTAL STRUCTURE OF HUMAN LYSOPHOSPHATIDIC ACID RECEPTOR 1 IN COMPLEX WITH ONO-3080573,HOMO SAPIENS (HUMAN),TRANSPORT PROTEIN/INHIBITOR,CLASS A,LYSOLIPIDS RECEPTORS,X-RAY DIFFRACTION,2.9,Q92633,26091040
4Z9G,CORTICOTROPIN-RELEASING FACTOR RECEPTOR 1,CRYSTAL STRUCTURE OF HUMAN CORTICOTROPIN-RELEASING FACTOR RECEPTOR 1 (CRF1R) IN COMPLEX WITH THE ANTAGONIST CP-376395 IN A HEXAGONAL SETTING WITH TRANSLATIONAL NON-CRYSTALLOGRAPHIC SYMMETRY,HOMO SAPIENS (HUMAN),SIGNALING PROTEIN,CLASS B,NA,X-RAY DIFFRACTION,3.18,P34998,28183242
4ZJ8,OREXIN RECEPTOR TYPE 1,STRUCTURES OF THE HUMAN OX1 OREXIN RECEPTOR BOUND TO SELECTIVE AND DUAL ANTAGONISTS,HOMO SAPIENS (HUMAN),SIGNALING PROTEIN,CLASS A,OREXINS RECEPTORS,X-RAY DIFFRACTION,2.75,O43613,26950369
4ZJC,OREXIN RECEPTOR TYPE 1,STRUCTURES OF THE HUMAN OX1 OREXIN RECEPTOR BOUND TO SELECTIVE AND DUAL ANTAGONISTS,HOMO SAPIENS (HUMAN),SIGNALING PROTEIN,CLASS A,OREXINS RECEPTORS,X-RAY DIFFRACTION,2.83,O43613,26950369
4ZUD,TYPE-1 ANGIOTENSIN II RECEPTOR,CRYSTAL STRUCTURE OF HUMAN ANGIOTENSIN RECEPTOR IN COMPLEX WITH INVERSE AGONIST OLMESARTAN AT 2.8A RESOLUTION.,HOMO SAPIENS (HUMAN),MEMBRANE PROTEIN,CLASS A,ANGIOTENSIN RECEPTORS,X-RAY DIFFRACTION,2.8,P30556,26420482
4ZWJ,RHODOPSIN,CRYSTAL STRUCTURE OF RHODOPSIN BOUND TO ARRESTIN BY FEMTOSECOND X-RAY LASER,HOMO SAPIENS (HUMAN),SIGNALING PROTEIN,CLASS A,OPSINS,X-RAY DIFFRACTION,3.3,P08100,26200343
5A8E,BETA-1 ADRENERGIC RECEPTOR,THERMOSTABILISED BETA1-ADRENOCEPTOR WITH RATIONALLY DESIGNED INVERSE AGONIST 7-METHYLCYANOPINDOLOL BOUND,MELEAGRIS GALLOPAVO (WILD TURKEY),SIGNALING PROTEIN,CLASS A,ADRENERGIC RECEPTORS,X-RAY DIFFRACTION,2.4,P07700,26385885
5C1M,MU-TYPE OPIOID RECEPTOR,CRYSTAL STRUCTURE OF ACTIVE MU-OPIOID RECEPTOR BOUND TO THE AGONIST BU72,MUS MUSCULUS (MOUSE),SIGNALING PROTEIN/ANTAGONIST,CLASS A,OPIOID PEPTIDES RECEPTORS,X-RAY DIFFRACTION,2.1,P42866,26245379
5CGC,METABOTROPIC GLUTAMATE RECEPTOR 5,STRUCTURE OF THE HUMAN CLASS C GPCR METABOTROPIC GLUTAMATE RECEPTOR 5 TRANSMEMBRANE DOMAIN IN COMPLEX WITH THE NEGATIVE ALLOSTERIC MODULATOR 3-CHLORO-4-FLUORO-5-[6-(1H-PYRAZOL-1-YL)PYRIMIDIN-4-YL]BENZONITRILE,HOMO SAPIENS (HUMAN),SIGNALING PROTEIN,CLASS C,NA,X-RAY DIFFRACTION,3.1,P41594,26225459
5CGD,METABOTROPIC GLUTAMATE RECEPTOR 5,STRUCTURE OF THE HUMAN CLASS C GPCR METABOTROPIC GLUTAMATE RECEPTOR 5 TRANSMEMBRANE DOMAIN IN COMPLEX WITH THE NEGATIVE ALLOSTERIC MODULATOR 3-CHLORO-5-[6-(5-FLUOROPYRIDIN-2-YL)PYRIMIDIN-4-YL]BENZONITRILE - (HTL14242),HOMO SAPIENS (HUMAN),SIGNALING PROTEIN,CLASS C,NA,X-RAY DIFFRACTION,2.6,P41594,26225459
5CXV,MUSCARINIC ACETYLCHOLINE RECEPTOR M1,STRUCTURE OF THE HUMAN M1 MUSCARINIC ACETYLCHOLINE RECEPTOR BOUND TO ANTAGONIST TIOTROPIUM,HOMO SAPIENS (HUMAN),HYDROLASE,CLASS A,ACETYLCHOLINE (MUSCARINIC) RECEPTORS,X-RAY DIFFRACTION,2.7,P11229,26958838
5D5A,BETA-2 ADRENERGIC RECEPTOR,IN MESO IN SITU SERIAL X-RAY CRYSTALLOGRAPHY STRUCTURE OF THE BETA2-ADRENERGIC RECEPTOR AT 100 K,HOMO SAPIENS (HUMAN),MEMBRANE PROTEIN/HYDROLASE,CLASS A,ADRENERGIC RECEPTORS,X-RAY DIFFRACTION,2.48,P07550,26894538
5D5B,BETA-2 ADRENERGIC RECEPTOR,IN MESO X-RAY CRYSTALLOGRAPHY STRUCTURE OF THE BETA2-ADRENERGIC RECEPTOR AT 100 K,HOMO SAPIENS (HUMAN),MEMBRANE PROTEIN/HYDROLASE,CLASS A,ADRENERGIC RECEPTORS,X-RAY DIFFRACTION,3.8,P07550,26894538
5D6L,BETA-2 ADRENERGIC RECEPTOR,BETA2AR-T4L - CIM,HOMO SAPIENS (HUMAN),MEMBRANE PROTEIN/HYDROLASE,CLASS A,ADRENERGIC RECEPTORS,X-RAY DIFFRACTION,3.2,P07550,28771236
5DGY,RHODOPSIN,CRYSTAL STRUCTURE OF RHODOPSIN BOUND TO VISUAL ARRESTIN,HOMO SAPIENS (HUMAN),SIGNALING PROTEIN,CLASS A,OPSINS,X-RAY DIFFRACTION,7.7,P08100,27070998
5DHG,NOCICEPTIN RECEPTOR,THE CRYSTAL STRUCTURE OF NOCICEPTIN/ORPHANIN FQ PEPTIDE RECEPTOR (NOP) IN COMPLEX WITH C-35 (PSI COMMUNITY TARGET),HOMO SAPIENS (HUMAN),SIGNALING PROTEIN,CLASS A,OPIOID PEPTIDES RECEPTORS,X-RAY DIFFRACTION,3,P41146,26526853
5DHH,NOCICEPTIN RECEPTOR,THE CRYSTAL STRUCTURE OF NOCICEPTIN/ORPHANIN FQ PEPTIDE RECEPTOR (NOP) IN COMPLEX WITH SB-612111 (PSI COMMUNITY TARGET),HOMO SAPIENS (HUMAN),SIGNALING PROTEIN,CLASS A,OPIOID PEPTIDES RECEPTORS,X-RAY DIFFRACTION,3,P41146,26526853
5DSG,MUSCARINIC ACETYLCHOLINE RECEPTOR M4,STRUCTURE OF THE M4 MUSCARINIC ACETYLCHOLINE RECEPTOR (M4-MT4L) BOUND TO TIOTROPIUM,HOMO SAPIENS (HUMAN),MEMBRANE PROTEIN,CLASS A,ACETYLCHOLINE (MUSCARINIC) RECEPTORS,X-RAY DIFFRACTION,2.6,P08173,26958838
5DYS,RHODOPSIN,CRYSTAL STRUCTURE OF T94I RHODOPSIN MUTANT,BOS TAURUS (BOVINE),SIGNALING PROTEIN,CLASS A,OPSINS,X-RAY DIFFRACTION,2.3,P02699,27458239
5EE7,GLUCAGON RECEPTOR,CRYSTAL STRUCTURE OF THE HUMAN GLUCAGON RECEPTOR (GCGR) IN COMPLEX WITH THE ANTAGONIST MK-0893,HOMO SAPIENS (HUMAN),SIGNALING PROTEIN,CLASS B,NA,X-RAY DIFFRACTION,2.5,P47871,27111510
5EN0,RHODOPSIN,CRYSTAL STRUCTURE OF T94I RHODOPSIN MUTANT,BOS TAURUS (BOVINE),SIGNALING PROTEIN,CLASS A,OPSINS,X-RAY DIFFRACTION,2.81,P02699,27458239
5F8U,BETA-1 ADRENERGIC RECEPTOR,LIGAND OCCUPANCY IN CRYSTAL STRUCTURE OF BETA1-ADRENERGIC RECEPTOR PREVIOUSLY SUBMITTED BY HUANG ET AL,MELEAGRIS GALLOPAVO (WILD TURKEY),SIGNALING PROTEIN,CLASS A,ADRENERGIC RECEPTORS,X-RAY DIFFRACTION,3.35,P07700,26643842
5G53,ADENOSINE RECEPTOR A2A,STRUCTURE OF THE ADENOSINE A2A RECEPTOR BOUND TO AN ENGINEERED G PROTEIN,HOMO SAPIENS (HUMAN),SIGNALING PROTEIN,CLASS A,ADENOSINE AND ADENINE NUCLEOTIDE RECEPTORS,X-RAY DIFFRACTION,3.4,P29274,27462812
5GLH,ENDOTHELIN RECEPTOR TYPE B,HUMAN ENDOTHELIN RECEPTOR TYPE-B IN COMPLEX WITH ET-1,HOMO SAPIENS (HUMAN),SIGNALING PROTEIN,CLASS A,ENDOTHELIN RECEPTORS,X-RAY DIFFRACTION,2.8,P24530,27595334
5GLI,ENDOTHELIN RECEPTOR TYPE B,HUMAN ENDOTHELIN RECEPTOR TYPE-B IN THE LIGAND-FREE FORM,HOMO SAPIENS (HUMAN),SIGNALING PROTEIN,CLASS A,ENDOTHELIN RECEPTORS,X-RAY DIFFRACTION,2.5,P24530,27595334
5IU4,ADENOSINE RECEPTOR A2A,CRYSTAL STRUCTURE OF STABILIZED A2A ADENOSINE RECEPTOR A2AR-STAR2-BRIL IN COMPLEX WITH ZM241385 AT 1.7A RESOLUTION,HOMO SAPIENS (HUMAN),MEMBRANE PROTEIN,CLASS A,ADENOSINE AND ADENINE NUCLEOTIDE RECEPTORS,X-RAY DIFFRACTION,1.72,P29274,27312113
5IU7,ADENOSINE RECEPTOR A2A,CRYSTAL STRUCTURE OF STABILIZED A2A ADENOSINE RECEPTOR A2AR-STAR2-BRIL IN COMPLEX WITH COMPOUND 12C AT 1.9A RESOLUTION,HOMO SAPIENS (HUMAN),MEMBRANE PROTEIN,CLASS A,ADENOSINE AND ADENINE NUCLEOTIDE RECEPTORS,X-RAY DIFFRACTION,1.9,P29274,27312113
5IU8,ADENOSINE RECEPTOR A2A,CRYSTAL STRUCTURE OF STABILIZED A2A ADENOSINE RECEPTOR A2AR-STAR2-BRIL IN COMPLEX WITH COMPOUND 12F AT 2.0A RESOLUTION,HOMO SAPIENS (HUMAN),MEMBRANE PROTEIN,CLASS A,ADENOSINE AND ADENINE NUCLEOTIDE RECEPTORS,X-RAY DIFFRACTION,2,P29274,27312113
5IUA,ADENOSINE RECEPTOR A2A,CRYSTAL STRUCTURE OF STABILIZED A2A ADENOSINE RECEPTOR A2AR-STAR2-BRIL IN COMPLEX WITH COMPOUND 12B AT 2.2A RESOLUTION,HOMO SAPIENS (HUMAN),MEMBRANE PROTEIN,CLASS A,ADENOSINE AND ADENINE NUCLEOTIDE RECEPTORS,X-RAY DIFFRACTION,2.2,P29274,27312113
5IUB,ADENOSINE RECEPTOR A2A,CRYSTAL STRUCTURE OF STABILIZED A2A ADENOSINE RECEPTOR A2AR-STAR2-BRIL IN COMPLEX WITH COMPOUND 12X AT 2.1A RESOLUTION,HOMO SAPIENS (HUMAN),MEMBRANE PROTEIN,CLASS A,ADENOSINE AND ADENINE NUCLEOTIDE RECEPTORS,X-RAY DIFFRACTION,2.1,P29274,27312113
5JQH,BETA-2 ADRENERGIC RECEPTOR,"STRUCTURE OF BETA2 ADRENOCEPTOR BOUND TO CARAZOLOL AND INACTIVE-STATE STABILIZING NANOBODY, NB60",HOMO SAPIENS (HUMAN),"SIGNALING PROTEIN, HYDROLASE/INHIBITOR",CLASS A,ADRENERGIC RECEPTORS,X-RAY DIFFRACTION,3.2,P07550,27409812
5JTB,ADENOSINE RECEPTOR A2A,CRYSTAL STRUCTURE OF THE CHIMERIC PROTEIN OF A2AAR-BRIL WITH BOUND IODIDE IONS,HOMO SAPIENS (HUMAN),MEMBRANE PROTEIN,CLASS A,ADENOSINE AND ADENINE NUCLEOTIDE RECEPTORS,X-RAY DIFFRACTION,2.8,P29274,28508075
5K2A,ADENOSINE RECEPTOR A2A,2.5 ANGSTROM A2A ADENOSINE RECEPTOR STRUCTURE WITH SULFUR SAD PHASING USING XFEL DATA,HOMO SAPIENS (HUMAN),MEMBRANE PROTEIN,CLASS A,ADENOSINE AND ADENINE NUCLEOTIDE RECEPTORS,X-RAY DIFFRACTION,2.5,P29274,27679816
5K2B,ADENOSINE RECEPTOR A2A,2.5 ANGSTROM A2A ADENOSINE RECEPTOR STRUCTURE WITH MR PHASING USING XFEL DATA,HOMO SAPIENS (HUMAN),MEMBRANE PROTEIN,CLASS A,ADENOSINE AND ADENINE NUCLEOTIDE RECEPTORS,X-RAY DIFFRACTION,2.5,P29274,27679816
5K2C,ADENOSINE RECEPTOR A2A,1.9 ANGSTROM A2A ADENOSINE RECEPTOR STRUCTURE WITH SULFUR SAD PHASING AND PHASE EXTENSION USING XFEL DATA,HOMO SAPIENS (HUMAN),MEMBRANE PROTEIN,CLASS A,ADENOSINE AND ADENINE NUCLEOTIDE RECEPTORS,X-RAY DIFFRACTION,1.9,P29274,27679816
5K2D,ADENOSINE RECEPTOR A2A,1.9A ANGSTROM A2A ADENOSINE RECEPTOR STRUCTURE WITH MR PHASING USING XFEL DATA,HOMO SAPIENS (HUMAN),MEMBRANE PROTEIN,CLASS A,ADENOSINE AND ADENINE NUCLEOTIDE RECEPTORS,X-RAY DIFFRACTION,1.9,P29274,27679816
5KW2,FREE FATTY ACID RECEPTOR 1,THE EXTRA-HELICAL BINDING SITE OF GPR40 AND THE STRUCTURAL BASIS FOR ALLOSTERIC AGONISM AND INCRETIN STIMULATION,HOMO SAPIENS (HUMAN),FATTY ACID BINDING PROTEIN/HYDROLASE,CLASS A,FREE FATTY ACID RECEPTORS,X-RAY DIFFRACTION,2.76,O14842,29695780
5L7D,SMOOTHENED HOMOLOG,STRUCTURE OF HUMAN SMOOTHENED IN COMPLEX WITH CHOLESTEROL,HOMO SAPIENS (HUMAN),MEMBRANE PROTEIN,CLASS F,NA,X-RAY DIFFRACTION,3.2,Q99835,27437577
5L7I,SMOOTHENED HOMOLOG,STRUCTURE OF HUMAN SMOOTHENED IN COMPLEX WITH VISMODEGIB,HOMO SAPIENS (HUMAN),MEMBRANE PROTEIN,CLASS F,NA,X-RAY DIFFRACTION,3.3,Q99835,27437577
5LWE,C-C CHEMOKINE RECEPTOR TYPE 9,CRYSTAL STRUCTURE OF THE HUMAN CC CHEMOKINE RECEPTOR TYPE 9 (CCR9) IN COMPLEX WITH VERCIRNON,HOMO SAPIENS (HUMAN),MEMBRANE PROTEIN,CLASS A,CHEMOKINES AND CHEMOTACTIC FACTORS RECEPTORS,X-RAY DIFFRACTION,2.8,P51686,27926729
5MZJ,ADENOSINE RECEPTOR A2A,CRYSTAL STRUCTURE OF STABILIZED A2A ADENOSINE RECEPTOR A2AR-STAR2-BRIL IN COMPLEX WITH THEOPHYLLINE AT 2.0A RESOLUTION,HOMO SAPIENS (HUMAN),MEMBRANE PROTEIN,CLASS A,ADENOSINE AND ADENINE NUCLEOTIDE RECEPTORS,X-RAY DIFFRACTION,2,P29274,28712806
5MZP,ADENOSINE RECEPTOR A2A,CRYSTAL STRUCTURE OF STABILIZED A2A ADENOSINE RECEPTOR A2AR-STAR2-BRIL IN COMPLEX WITH CAFFEINE AT 2.1A RESOLUTION,HOMO SAPIENS (HUMAN),MEMBRANE PROTEIN,CLASS A,ADENOSINE AND ADENINE NUCLEOTIDE RECEPTORS,X-RAY DIFFRACTION,2.1,P29274,28712806
5N2R,ADENOSINE RECEPTOR A2A,CRYSTAL STRUCTURE OF STABILIZED A2A ADENOSINE RECEPTOR A2AR-STAR2-BRIL IN COMPLEX WITH PSB36 AT 2.8A RESOLUTION,HOMO SAPIENS (HUMAN),MEMBRANE PROTEIN,CLASS A,ADENOSINE AND ADENINE NUCLEOTIDE RECEPTORS,X-RAY DIFFRACTION,2.8,P29274,28712806
5N2S,ADENOSINE RECEPTOR A1,CRYSTAL STRUCTURE OF STABILIZED A1 RECEPTOR IN COMPLEX WITH PSB36 AT 3.3A RESOLUTION,HOMO SAPIENS (HUMAN),MEMBRANE PROTEIN,CLASS A,ADENOSINE AND ADENINE NUCLEOTIDE RECEPTORS,X-RAY DIFFRACTION,3.3,P30542,28712806
5NDD,PROTEINASE-ACTIVATED RECEPTOR 2,CRYSTAL STRUCTURE OF A THERMOSTABILISED HUMAN PROTEASE-ACTIVATED RECEPTOR-2 (PAR2) IN COMPLEX WITH AZ8838 AT 2.8 ANGSTROM RESOLUTION,HOMO SAPIENS (HUMAN),MEMBRANE PROTEIN,CLASS A,PROTEINASE-ACTIVATED RECEPTORS,X-RAY DIFFRACTION,2.8,P55085,28445455
5NDZ,PROTEINASE-ACTIVATED RECEPTOR 2,CRYSTAL STRUCTURE OF A THERMOSTABILISED HUMAN PROTEASE-ACTIVATED RECEPTOR-2 (PAR2) IN COMPLEX WITH AZ3451 AT 3.6 ANGSTROM RESOLUTION,HOMO SAPIENS (HUMAN),MEMBRANE PROTEIN,CLASS A,PROTEINASE-ACTIVATED RECEPTORS,X-RAY DIFFRACTION,3.6,P55085,28445455
5NJ6,PROTEINASE-ACTIVATED RECEPTOR 2,CRYSTAL STRUCTURE OF A THERMOSTABILISED HUMAN PROTEASE-ACTIVATED RECEPTOR-2 (PAR2) IN TERNARY COMPLEX WITH FAB3949 AND AZ7188 AT 4.0 ANGSTROM RESOLUTION,HOMO SAPIENS (HUMAN),MEMBRANE PROTEIN,CLASS A,PROTEINASE-ACTIVATED RECEPTORS,X-RAY DIFFRACTION,4,P55085,28445455
5NLX,ADENOSINE RECEPTOR A2A,A2A ADENOSINE RECEPTOR ROOM-TEMPERATURE STRUCTURE DETERMINED BY SERIAL MILLISECOND CRYSTALLOGRAPHY,HOMO SAPIENS (HUMAN),MEMBRANE PROTEIN,CLASS A,ADENOSINE AND ADENINE NUCLEOTIDE RECEPTORS,X-RAY DIFFRACTION,2.14,P29274,28912485
5NM2,ADENOSINE RECEPTOR A2A,A2A ADENOSINE RECEPTOR CRYO STRUCTURE,HOMO SAPIENS (HUMAN),SIGNALING PROTEIN,CLASS A,ADENOSINE AND ADENINE NUCLEOTIDE RECEPTORS,X-RAY DIFFRACTION,1.95,P29274,28912485
5NM4,ADENOSINE RECEPTOR A2A,A2A ADENOSINE RECEPTOR ROOM-TEMPERATURE STRUCTURE DETERMINED BY SERIAL FEMTOSECOND CRYSTALLOGRAPHY,HOMO SAPIENS (HUMAN),SIGNALING PROTEIN,CLASS A,ADENOSINE AND ADENINE NUCLEOTIDE RECEPTORS,X-RAY DIFFRACTION,1.7,P29274,28912485
5NX2,GLUCAGON-LIKE PEPTIDE 1 RECEPTOR,CRYSTAL STRUCTURE OF THERMOSTABILISED FULL-LENGTH GLP-1R IN COMPLEX WITH A TRUNCATED PEPTIDE AGONIST AT 3.7 A RESOLUTION,HOMO SAPIENS (HUMAN),MEMBRANE PROTEIN,CLASS B,NA,X-RAY DIFFRACTION,3.7,P43220,28562585
5O9H,C5A ANAPHYLATOXIN CHEMOTACTIC RECEPTOR 1,CRYSTAL STRUCTURE OF THERMOSTABILISED HUMAN C5A ANAPHYLATOXIN CHEMOTACTIC RECEPTOR 1 (C5AR) IN COMPLEX WITH NDT9513727,HOMO SAPIENS (HUMAN),MEMBRANE PROTEIN,CLASS A,CHEMOKINES AND CHEMOTACTIC FACTORS RECEPTORS,X-RAY DIFFRACTION,2.7,P21730,29300009
5OLG,ADENOSINE RECEPTOR A2A,STRUCTURE OF THE A2A-STAR2-BRIL562-ZM241385 COMPLEX AT 1.86A OBTAINED FROM IN MESO SOAKING EXPERIMENTS.,HOMO SAPIENS (HUMAN),MEMBRANE PROTEIN,CLASS A,ADENOSINE AND ADENINE NUCLEOTIDE RECEPTORS,X-RAY DIFFRACTION,1.87,P29274,29311713
5OLH,ADENOSINE RECEPTOR A2A,STRUCTURE OF THE A2A-STAR2-BRIL562-VIPADENANT COMPLEX AT 2.6A OBTAINED FROM IN MESO SOAKING EXPERIMENTS.,HOMO SAPIENS (HUMAN),MEMBRANE PROTEIN,CLASS A,ADENOSINE AND ADENINE NUCLEOTIDE RECEPTORS,X-RAY DIFFRACTION,2.6,P29274,29311713
5OLO,ADENOSINE RECEPTOR A2A,STRUCTURE OF THE A2A-STAR2-BRIL562-TOZADENANT COMPLEX AT 3.1A OBTAINED FROM IN MESO SOAKING EXPERIMENTS.,HOMO SAPIENS (HUMAN),MEMBRANE PROTEIN,CLASS A,ADENOSINE AND ADENINE NUCLEOTIDE RECEPTORS,X-RAY DIFFRACTION,3.1,P29274,29311713
5OLV,ADENOSINE RECEPTOR A2A,STRUCTURE OF THE A2A-STAR2-BRIL562-LUAA47070 COMPLEX AT 2.0A OBTAINED FROM IN MESO SOAKING EXPERIMENTS.,HOMO SAPIENS (HUMAN),MEMBRANE PROTEIN,CLASS A,ADENOSINE AND ADENINE NUCLEOTIDE RECEPTORS,X-RAY DIFFRACTION,2,P29274,29311713
5OLZ,ADENOSINE RECEPTOR A2A,STRUCTURE OF THE A2A-STAR2-BRIL562-COMPOUND 4E COMPLEX AT 1.9A OBTAINED FROM BESPOKE CO-CRYSTALLISATION EXPERIMENTS.,HOMO SAPIENS (HUMAN),MEMBRANE PROTEIN,CLASS A,ADENOSINE AND ADENINE NUCLEOTIDE RECEPTORS,X-RAY DIFFRACTION,1.9,P29274,29311713
5OM1,ADENOSINE RECEPTOR A2A,STRUCTURE OF THE A2A-STAR2-BRIL562-COMPOUND 4E COMPLEX AT 2.1A OBTAINED FROM IN MESO SOAKING EXPERIMENTS (1 HOUR SOAK).,HOMO SAPIENS (HUMAN),MEMBRANE PROTEIN,CLASS A,ADENOSINE AND ADENINE NUCLEOTIDE RECEPTORS,X-RAY DIFFRACTION,2.1,P29274,29311713
5OM4,ADENOSINE RECEPTOR A2A,STRUCTURE OF THE A2A-STAR2-BRIL562-COMPOUND 4E COMPLEX AT 1.86A OBTAINED FROM IN MESO SOAKING EXPERIMENTS (24 HOUR SOAK).,HOMO SAPIENS (HUMAN),MEMBRANE PROTEIN,CLASS A,ADENOSINE AND ADENINE NUCLEOTIDE RECEPTORS,X-RAY DIFFRACTION,2,P29274,29311713
5T04,NEUROTENSIN RECEPTOR TYPE 1,STRUCTURE OF CONSTITUTIVELY ACTIVE NEUROTENSIN RECEPTOR,RATTUS NORVEGICUS (RAT),SIGNALING PROTEIN,CLASS A,NEUROTENSIN RECEPTORS,X-RAY DIFFRACTION,3.3,P20789,27924846
5T1A,C-C CHEMOKINE RECEPTOR TYPE 2,STRUCTURE OF CC CHEMOKINE RECEPTOR 2 WITH ORTHOSTERIC AND ALLOSTERIC ANTAGONISTS,HOMO SAPIENS (HUMAN),SIGNALING PROTEIN,CLASS A,CHEMOKINES AND CHEMOTACTIC FACTORS RECEPTORS,X-RAY DIFFRACTION,2.81,P41597,27926736
5TE3,RHODOPSIN,CRYSTAL STRUCTURE OF BOS TAURUS OPSIN AT 2.7 ANGSTROM,BOS TAURUS (BOVINE),SIGNALING PROTEIN,CLASS A,OPSINS,X-RAY DIFFRACTION,2.7,P02699,28289214
5TE5,RHODOPSIN,CRYSTAL STRUCTURE OF BOS TAURUS OPSIN REGENERATED WITH 6-CARBON RING RETINAL CHROMOPHORE,BOS TAURUS (BOVINE),SIGNALING PROTEIN,CLASS A,OPSINS,X-RAY DIFFRACTION,4.01,P02699,28289214
5TGZ,CANNABINOID RECEPTOR 1,CRYSTAL STRUCTURE OF THE HUMAN CANNABINOID RECEPTOR CB1,HOMO SAPIENS (HUMAN),SIGNALING PROTEIN,CLASS A,CANNABINOIDS RECEPTORS,X-RAY DIFFRACTION,2.8,P21554,27768894
5TUD,5-HYDROXYTRYPTAMINE RECEPTOR 2B,STRUCTURAL INSIGHTS INTO THE EXTRACELLULAR RECOGNITION OF THE HUMAN SEROTONIN 2B RECEPTOR BY AN ANTIBODY,HOMO SAPIENS (HUMAN),SIGNALING PROTEIN,CLASS A,SEROTONIN RECEPTORS,X-RAY DIFFRACTION,3,P41595,28716900
5TVN,5-HYDROXYTRYPTAMINE RECEPTOR 2B,CRYSTAL STRUCTURE OF THE LSD-BOUND 5-HT2B RECEPTOR,HOMO SAPIENS (HUMAN),MEMBRANE PROTEIN,CLASS A,SEROTONIN RECEPTORS,X-RAY DIFFRACTION,2.9,P41595,28129538
5TZR,FREE FATTY ACID RECEPTOR 1,GPR40 IN COMPLEX WITH PARTIAL AGONIST MK-8666,HOMO SAPIENS (HUMAN),FATTY ACID BINDING PROTEIN/HYDROLASE,CLASS A,FREE FATTY ACID RECEPTORS,X-RAY DIFFRACTION,2.2,O14842,28581512
5TZY,FREE FATTY ACID RECEPTOR 1,GPR40 IN COMPLEX WITH AGOPAM AP8 AND PARTIAL AGONIST MK-8666,HOMO SAPIENS (HUMAN),FATTY ACID BINDING PROTEIN/HYDROLASE,CLASS A,FREE FATTY ACID RECEPTORS,X-RAY DIFFRACTION,3.22,O14842,28581512
5U09,CANNABINOID RECEPTOR 1,HIGH-RESOLUTION CRYSTAL STRUCTURE OF THE HUMAN CB1 CANNABINOID RECEPTOR,HOMO SAPIENS (HUMAN),MEMBRANE PROTEIN,CLASS A,CANNABINOIDS RECEPTORS,X-RAY DIFFRACTION,2.6,P21554,27851727
5UEN,ADENOSINE RECEPTOR A1,CRYSTAL STRUCTURE OF THE HUMAN ADENOSINE A1 RECEPTOR A1AR-BRIL IN COMPLEX WITH THE COVALENT ANTAGONIST DU172 AT 3.2A RESOLUTION,HOMO SAPIENS (HUMAN),MEMBRANE PROTEIN,CLASS A,ADENOSINE AND ADENINE NUCLEOTIDE RECEPTORS,X-RAY DIFFRACTION,3.2,P30542,28235198
5UIG,ADENOSINE RECEPTOR A2A,CRYSTAL STRUCTURE OF ADENOSINE A2A RECEPTOR BOUND TO A NOVEL TRIAZOLE-CARBOXIMIDAMIDE ANTAGONIST,HOMO SAPIENS (HUMAN),ADENOSINE BINDING PROTEIN,CLASS A,ADENOSINE AND ADENINE NUCLEOTIDE RECEPTORS,X-RAY DIFFRACTION,3.5,P29274,28167788
5UIW,C-C CHEMOKINE RECEPTOR TYPE 5,CRYSTAL STRUCTURE OF CC CHEMOKINE RECEPTOR 5 (CCR5) IN COMPLEX WITH HIGH POTENCY HIV ENTRY INHIBITOR 5P7-CCL5,HOMO SAPIENS (HUMAN),SIGNALING PROTEIN,CLASS A,CHEMOKINES AND CHEMOTACTIC FACTORS RECEPTORS,X-RAY DIFFRACTION,2.2,P51681,28636951
5UNF,TYPE-2 ANGIOTENSIN II RECEPTOR,"XFEL STRUCTURE OF HUMAN ANGIOTENSIN II TYPE 2 RECEPTOR (MONOCLINIC FORM) IN COMPLEX WITH COMPOUND 1 (N-BENZYL-N-(2-ETHYL-4-OXO-3-{[2'-(2H-TETRAZOL-5-YL)[1,1'-BIPHENYL]-4-YL])",HOMO SAPIENS (HUMAN),SIGNALING PROTEIN,CLASS A,ANGIOTENSIN RECEPTORS,X-RAY DIFFRACTION,2.8,P50052,28379944
5UNG,TYPE-2 ANGIOTENSIN II RECEPTOR,"XFEL STRUCTURE OF HUMAN ANGIOTENSIN II TYPE 2 RECEPTOR (ORTHORHOMBIC FORM) IN COMPLEX WITH COMPOUND 1 (N-BENZYL-N-(2-ETHYL-4-OXO-3-{[2'-(2H-TETRAZOL-5-YL)[1,1'-BIPHENYL]-4-YL] METHYL}-3,4-DIHYDROQUINAZOLIN-6-YL)THIOPHENE-2-CARBOXAMIDE)",HOMO SAPIENS (HUMAN),SIGNALING PROTEIN,CLASS A,ANGIOTENSIN RECEPTORS,X-RAY DIFFRACTION,2.8,P50052,28379944
5UNH,TYPE-2 ANGIOTENSIN II RECEPTOR,"SYNCHROTRON STRUCTURE OF HUMAN ANGIOTENSIN II TYPE 2 RECEPTOR IN COMPLEX WITH COMPOUND 2 (N-[(FURAN-2-YL)METHYL]-N-(4-OXO-2-PROPYL-3-{[2'-(2H-TETRAZOL-5-YL)[1,1'- BIPHENYL]-4-YL]METHYL}-3,4-DIHYDROQUINAZOLIN-6-YL)BENZAMIDE)",HOMO SAPIENS (HUMAN),SIGNALING PROTEIN,CLASS A,ANGIOTENSIN RECEPTORS,X-RAY DIFFRACTION,2.9,P50052,28379944
5UVI,ADENOSINE RECEPTOR A2A,SERIAL MILLISECOND CRYSTALLOGRAPHY OF MEMBRANE AND SOLUBLE PROTEIN MICRO-CRYSTALS USING SYNCHROTRON RADIATION,HOMO SAPIENS (HUMAN),MEMBRANE PROTEIN,CLASS A,ADENOSINE AND ADENINE NUCLEOTIDE RECEPTORS,X-RAY DIFFRACTION,3.2,P29274,28875031
5UZ7,CALCITONIN RECEPTOR,VOLTA PHASE PLATE CRYO-ELECTRON MICROSCOPY STRUCTURE OF A CALCITONIN RECEPTOR-HETEROTRIMERIC GS PROTEIN COMPLEX,HOMO SAPIENS (HUMAN),SIGNALING PROTEIN,CLASS B,NA,ELECTRON MICROSCOPY,4.1,P30988,28437792
5V54,5-HYDROXYTRYPTAMINE RECEPTOR 1B,CRYSTAL STRUCTURE OF 5-HT1B RECEPTOR IN COMPLEX WITH METHIOTHEPIN,HOMO SAPIENS (HUMAN),ELECTRON TRANSPORT,CLASS A,SEROTONIN RECEPTORS,X-RAY DIFFRACTION,3.9,P28222,NA
5V56,SMOOTHENED HOMOLOG,2.9A XFEL STRUCTURE OF THE MULTI-DOMAIN HUMAN SMOOTHENED RECEPTOR (WITH E194M MUTATION) IN COMPLEX WITH TC114,HOMO SAPIENS (HUMAN),MEMBRANE PROTEIN,CLASS F,NA,X-RAY DIFFRACTION,2.9,Q99835,28513578
5V57,SMOOTHENED HOMOLOG,3.0A SYN STRUCTURE OF THE MULTI-DOMAIN HUMAN SMOOTHENED RECEPTOR IN COMPLEX WITH TC114,HOMO SAPIENS (HUMAN),MEMBRANE PROTEIN,CLASS F,NA,X-RAY DIFFRACTION,3,Q99835,28513578
5VAI,GLUCAGON-LIKE PEPTIDE 1 RECEPTOR,CRYO-EM STRUCTURE OF THE ACTIVATED GLUCAGON-LIKE PEPTIDE-1 RECEPTOR IN COMPLEX WITH G PROTEIN,ORYCTOLAGUS CUNICULUS (RABBIT),SIGNALING PROTEIN/HORMONE,CLASS B,NA,ELECTRON MICROSCOPY,4.1,G1SGD4,28538729
5VBL,APELIN RECEPTOR,STRUCTURE OF APELIN RECEPTOR IN COMPLEX WITH AGONIST PEPTIDE,HOMO SAPIENS (HUMAN),MEMBRANE PROTEIN,CLASS A,APELIN RECEPTORS,X-RAY DIFFRACTION,2.6,P35414,28528775
5VEW,GLUCAGON-LIKE PEPTIDE 1 RECEPTOR,STRUCTURE OF THE HUMAN GLP-1 RECEPTOR COMPLEX WITH PF-06372222,HOMO SAPIENS (HUMAN),SIGNALING PROTEIN,CLASS B,NA,X-RAY DIFFRACTION,2.7,P43220,28514449
5VEX,GLUCAGON-LIKE PEPTIDE 1 RECEPTOR,STRUCTURE OF THE HUMAN GLP-1 RECEPTOR COMPLEX WITH NNC0640,HOMO SAPIENS (HUMAN),SIGNALING PROTEIN,CLASS B,NA,X-RAY DIFFRACTION,3,P43220,28514449
5VRA,ADENOSINE RECEPTOR A2A,2.35-ANGSTROM IN SITU MYLAR STRUCTURE OF HUMAN A2A ADENOSINE RECEPTOR AT 100 K,HOMO SAPIENS (HUMAN),SIGNALING PROTEIN,CLASS A,ADENOSINE AND ADENINE NUCLEOTIDE RECEPTORS,X-RAY DIFFRACTION,2.35,P29274,29300389
5W0P,RHODOPSIN,CRYSTAL STRUCTURE OF RHODOPSIN BOUND TO VISUAL ARRESTIN DETERMINED BY X-RAY FREE ELECTRON LASER,HOMO SAPIENS (HUMAN),SIGNALING PROTEIN,CLASS A,OPSINS,X-RAY DIFFRACTION,3.01,P08100,28753425
5WB1,G-PROTEIN COUPLED RECEPTOR HOMOLOG US28,LIGAND-FREE US28 WITH STABILIZING INTRACELLULAR NANOBODY,HUMAN CYTOMEGALOVIRUS (STRAIN TOWNE) (HHV-5),MEMBRANE PROTEIN,CLASS A,VIRAL RECEPTORS,X-RAY DIFFRACTION,3.51,P69333,29882741
5WB2,G-PROTEIN COUPLED RECEPTOR HOMOLOG US28,US28 BOUND TO ENGINEERED CHEMOKINE CX3CL1.35 AND NANOBODIES,HUMAN CYTOMEGALOVIRUS (STRAIN TOWNE) (HHV-5),MEMBRANE PROTEIN,CLASS A,VIRAL RECEPTORS,X-RAY DIFFRACTION,3.5,P69333,29882741
5WF5,ADENOSINE RECEPTOR A2A,AGONIST BOUND HUMAN A2A ADENOSINE RECEPTOR WITH D52N MUTATION AT 2.60 A RESOLUTION,HOMO SAPIENS (HUMAN),MEMBRANE PROTEIN,CLASS A,ADENOSINE AND ADENINE NUCLEOTIDE RECEPTORS,X-RAY DIFFRACTION,2.6,P29274,29395784
5WF6,ADENOSINE RECEPTOR A2A,AGONIST BOUND HUMAN A2A ADENOSINE RECEPTOR WITH S91A MUTATION AT 2.90 A RESOLUTION,HOMO SAPIENS (HUMAN),MEMBRANE PROTEIN,CLASS A,ADENOSINE AND ADENINE NUCLEOTIDE RECEPTORS,X-RAY DIFFRACTION,2.9,P29274,29395784
5WIU,D(4) DOPAMINE RECEPTOR,STRUCTURE OF THE HUMAN D4 DOPAMINE RECEPTOR IN COMPLEX WITH NEMONAPRIDE,HOMO SAPIENS (HUMAN),SIGNALING PROTEIN/ANTAGONIST,CLASS A,DOPAMINE RECEPTORS,X-RAY DIFFRACTION,1.96,P21917,29051383
5WIV,D(4) DOPAMINE RECEPTOR,STRUCTURE OF THE SODIUM-BOUND HUMAN D4 DOPAMINE RECEPTOR IN COMPLEX WITH NEMONAPRIDE,HOMO SAPIENS (HUMAN),SIGNALING PROTEIN/ANTAGONIST,CLASS A,DOPAMINE RECEPTORS,X-RAY DIFFRACTION,2.14,P21917,29051383
5WKT,RHODOPSIN,3.2-ANGSTROM IN SITU MYLAR STRUCTURE OF BOVINE OPSIN AT 100 K,BOS TAURUS (BOVINE),SIGNALING PROTEIN,CLASS A,OPSINS,X-RAY DIFFRACTION,3.2,P02699,29300389
5WQC,OREXIN RECEPTOR TYPE 2,CRYSTAL STRUCTURE OF HUMAN OREXIN 2 RECEPTOR BOUND TO THE SELECTIVE ANTAGONIST EMPA DETERMINED BY THE SYNCHROTRON LIGHT SOURCE AT SPRING-8.,HOMO SAPIENS (HUMAN),SIGNALING PROTEIN,CLASS A,OREXINS RECEPTORS,X-RAY DIFFRACTION,1.96,O43614,29225076
5WS3,OREXIN RECEPTOR TYPE 2,CRYSTAL STRUCTURES OF HUMAN OREXIN 2 RECEPTOR BOUND TO THE SELECTIVE ANTAGONIST EMPA DETERMINED BY SERIAL FEMTOSECOND CRYSTALLOGRAPHY AT SACLA,HOMO SAPIENS (HUMAN),SIGNALING PROTEIN,CLASS A,OREXINS RECEPTORS,X-RAY DIFFRACTION,2.3,O43614,29225076
5X7D,BETA-2 ADRENERGIC RECEPTOR,STRUCTURE OF BETA2 ADRENOCEPTOR BOUND TO CARAZOLOL AND AN INTRACELLULAR ALLOSTERIC ANTAGONIST,HOMO SAPIENS (HUMAN),SIGNALING PROTEIN,CLASS A,ADRENERGIC RECEPTORS,X-RAY DIFFRACTION,2.7,P07550,28813418
5X93,ENDOTHELIN RECEPTOR TYPE B,HUMAN ENDOTHELIN RECEPTOR TYPE-B IN COMPLEX WITH ANTAGONIST K-8794,HOMO SAPIENS (HUMAN),SIGNALING PROTEIN,CLASS A,ENDOTHELIN RECEPTORS,X-RAY DIFFRACTION,2.2,P24530,28805809
5XEZ,GLUCAGON RECEPTOR,STRUCTURE OF THE FULL-LENGTH GLUCAGON CLASS B G PROTEIN-COUPLED RECEPTOR,HOMO SAPIENS (HUMAN),SIGNALING PROTEIN,CLASS B,NA,X-RAY DIFFRACTION,3,P47871,28514451
5XF1,GLUCAGON RECEPTOR,STRUCTURE OF THE FULL-LENGTH GLUCAGON CLASS B G PROTEIN-COUPLED RECEPTOR,HOMO SAPIENS (HUMAN),SIGNALING PROTEIN,CLASS B,NA,X-RAY DIFFRACTION,3.19,P47871,28514451
5XJM,TYPE-2 ANGIOTENSIN II RECEPTOR,COMPLEX STRUCTURE OF ANGIOTENSIN II TYPE 2 RECEPTOR WITH FAB,HOMO SAPIENS (HUMAN),SIGNALING PROTEIN,CLASS A,ANGIOTENSIN RECEPTORS,X-RAY DIFFRACTION,3.2,P50052,29967536
5XPR,ENDOTHELIN RECEPTOR TYPE B,HUMAN ENDOTHELIN RECEPTOR TYPE-B IN COMPLEX WITH ANTAGONIST BOSENTAN,HOMO SAPIENS (HUMAN),SIGNALING PROTEIN,CLASS A,ENDOTHELIN RECEPTORS,X-RAY DIFFRACTION,3.6,P24530,28805809
5XR8,CANNABINOID RECEPTOR 1,CRYSTAL STRUCTURE OF THE HUMAN CB1 IN COMPLEX WITH AGONIST AM841,HOMO SAPIENS (HUMAN),SIGNALING PROTEIN,CLASS A,CANNABINOIDS RECEPTORS,X-RAY DIFFRACTION,2.95,P21554,28678776
5XRA,CANNABINOID RECEPTOR 1,CRYSTAL STRUCTURE OF THE HUMAN CB1 IN COMPLEX WITH AGONIST AM11542,HOMO SAPIENS (HUMAN),SIGNALING PROTEIN,CLASS A,CANNABINOIDS RECEPTORS,X-RAY DIFFRACTION,2.8,P21554,28678776
5YC8,MUSCARINIC ACETYLCHOLINE RECEPTOR M2,CRYSTAL STRUCTURE OF RATIONALLY THERMOSTABILIZED M2 MUSCARINIC ACETYLCHOLINE RECEPTOR BOUND WITH NMS (HG-DERIVATIVE),HOMO SAPIENS (HUMAN),MEMBRANE PROTEIN,CLASS A,ACETYLCHOLINE (MUSCARINIC) RECEPTORS,X-RAY DIFFRACTION,2.5,P08172,30420692
5YHL,PROSTAGLANDIN E2 RECEPTOR EP4 SUBTYPE,CRYSTAL STRUCTURE OF THE HUMAN PROSTAGLANDIN E RECEPTOR EP4 IN COMPLEX WITH FAB AND AN ANTAGONIST BR-DERIVATIVE,HOMO SAPIENS (HUMAN),SIGNALING PROTEIN/IMMUNE SYSTEM,CLASS A,PROSTANOIDS RECEPTORS,X-RAY DIFFRACTION,4.2,P35408,30510193
5YQZ,GLUCAGON RECEPTOR,STRUCTURE OF THE GLUCAGON RECEPTOR IN COMPLEX WITH A GLUCAGON ANALOGUE,HOMO SAPIENS (HUMAN),SIGNALING PROTEIN/HYDROLASE,CLASS B,NA,X-RAY DIFFRACTION,3,P47871,29300013
5YWY,PROSTAGLANDIN E2 RECEPTOR EP4 SUBTYPE,CRYSTAL STRUCTURE OF THE HUMAN PROSTAGLANDIN E RECEPTOR EP4 IN COMPLEX WITH FAB AND ONO-AE3-208,HOMO SAPIENS (HUMAN),SIGNALING PROTEIN-IMMUNE SYSTEM,CLASS A,PROSTANOIDS RECEPTORS,X-RAY DIFFRACTION,3.2,P35408,30510193
5ZBH,NEUROPEPTIDE Y RECEPTOR TYPE 1,THE CRYSTAL STRUCTURE OF HUMAN NEUROPEPTIDE Y Y1 RECEPTOR WITH BMS-193885,HOMO SAPIENS (HUMAN),SIGNALING PROTEIN,CLASS A,NEUROPEPTIDE Y RECEPTORS,X-RAY DIFFRACTION,3,P25929,29670288
5ZBQ,NEUROPEPTIDE Y RECEPTOR TYPE 1,THE CRYSTAL STRUCTURE OF HUMAN NEUROPEPTIDE Y Y1 RECEPTOR WITH UR-MK299,HOMO SAPIENS (HUMAN),SIGNALING PROTEIN,CLASS A,NEUROPEPTIDE Y RECEPTORS,X-RAY DIFFRACTION,2.7,P25929,29670288
5ZHP,MUSCARINIC ACETYLCHOLINE RECEPTOR M3,M3 MUSCARINIC ACETYLCHOLINE RECEPTOR IN COMPLEX WITH A SELECTIVE ANTAGONIST,RATTUS NORVEGICUS (RAT),MEMBRANE PROTEIN,CLASS A,ACETYLCHOLINE (MUSCARINIC) RECEPTORS,X-RAY DIFFRACTION,3.1,P08483,30404914
5ZK3,MUSCARINIC ACETYLCHOLINE RECEPTOR M2,CRYSTAL STRUCTURE OF RATIONALLY THERMOSTABILIZED M2 MUSCARINIC ACETYLCHOLINE RECEPTOR BOUND WITH QNB,HOMO SAPIENS (HUMAN),MEMBRANE PROTEIN/INHIBITOR,CLASS A,ACETYLCHOLINE (MUSCARINIC) RECEPTORS,X-RAY DIFFRACTION,2.6,P08172,30420692
5ZK8,MUSCARINIC ACETYLCHOLINE RECEPTOR M2,CRYSTAL STRUCTURE OF M2 MUSCARINIC ACETYLCHOLINE RECEPTOR BOUND WITH NMS,HOMO SAPIENS (HUMAN),MEMBRANE PROTEIN/INHIBITOR,CLASS A,ACETYLCHOLINE (MUSCARINIC) RECEPTORS,X-RAY DIFFRACTION,3,P08172,30420692
5ZKB,MUSCARINIC ACETYLCHOLINE RECEPTOR M2,CRYSTAL STRUCTURE OF RATIONALLY THERMOSTABILIZED M2 MUSCARINIC ACETYLCHOLINE RECEPTOR BOUND WITH AF-DX 384,HOMO SAPIENS (HUMAN),MEMBRANE PROTEIN/INHIBITOR,CLASS A,ACETYLCHOLINE (MUSCARINIC) RECEPTORS,X-RAY DIFFRACTION,2.95,P08172,30420692
5ZKC,MUSCARINIC ACETYLCHOLINE RECEPTOR M2,CRYSTAL STRUCTURE OF RATIONALLY THERMOSTABILIZED M2 MUSCARINIC ACETYLCHOLINE RECEPTOR BOUND WITH NMS,HOMO SAPIENS (HUMAN),MEMBRANE PROTEIN/INHIBITOR,CLASS A,ACETYLCHOLINE (MUSCARINIC) RECEPTORS,X-RAY DIFFRACTION,2.3,P08172,30420692
5ZKP,PLATELET-ACTIVATING FACTOR RECEPTOR,CRYSTAL STRUCTURE OF THE HUMAN PLATELET-ACTIVATING FACTOR RECEPTOR IN COMPLEX WITH SR 27417,HOMO SAPIENS (HUMAN),SIGNALING PROTEIN,CLASS A,PLATELET-ACTIVATING FACTOR RECEPTORS,X-RAY DIFFRACTION,2.81,P25105,29808000
5ZKQ,PLATELET-ACTIVATING FACTOR RECEPTOR,CRYSTAL STRUCTURE OF THE HUMAN PLATELET-ACTIVATING FACTOR RECEPTOR IN COMPLEX WITH ABT-491,HOMO SAPIENS (HUMAN),SIGNALING PROTEIN,CLASS A,PLATELET-ACTIVATING FACTOR RECEPTORS,X-RAY DIFFRACTION,2.9,P25105,29808000
6AK3,PROSTAGLANDIN E2 RECEPTOR EP3 SUBTYPE,CRYSTAL STRUCTURE OF THE HUMAN PROSTAGLANDIN E RECEPTOR EP3 BOUND TO PROSTAGLANDIN E2,HOMO SAPIENS (HUMAN),MEMBRANE PROTEIN,CLASS A,PROSTANOIDS RECEPTORS,X-RAY DIFFRACTION,2.9,P43115,30510192
6AKX,C-C CHEMOKINE RECEPTOR TYPE 5,THE CRYSTAL STRUCTURE OF HUMAN CHEMOKINE RECEPTOR CCR5 IN COMPLEX WITH COMPOUND 21,HOMO SAPIENS (HUMAN),SIGNALING PROTEIN,CLASS A,CHEMOKINES AND CHEMOTACTIC FACTORS RECEPTORS,X-RAY DIFFRACTION,2.8,P51681,30234300
6AKY,C-C CHEMOKINE RECEPTOR TYPE 5,THE CRYSTAL STRUCTURE OF HUMAN CHEMOKINE RECEPTOR CCR5 IN COMPLEX WITH COMPOUND 34,HOMO SAPIENS (HUMAN),SIGNALING PROTEIN,CLASS A,CHEMOKINES AND CHEMOTACTIC FACTORS RECEPTORS,X-RAY DIFFRACTION,2.8,P51681,30234300
6AQF,ADENOSINE RECEPTOR A2A,CRYSTAL STRUCTURE OF A2AAR-BRIL IN COMPLEX WITH THE ANTAGONIST ZM241385 PRODUCED FROM PICHIA PASTORIS,HOMO SAPIENS (HUMAN),MEMBRANE PROTEIN,CLASS A,ADENOSINE AND ADENINE NUCLEOTIDE RECEPTORS,X-RAY DIFFRACTION,2.51,P29274,29290469
6B3J,GLUCAGON-LIKE PEPTIDE 1 RECEPTOR,3.3 ANGSTROM PHASE-PLATE CRYO-EM STRUCTURE OF A BIASED AGONIST-BOUND HUMAN GLP-1 RECEPTOR-GS COMPLEX,HOMO SAPIENS (HUMAN),SIGNALING PROTEIN,CLASS B,NA,ELECTRON MICROSCOPY,3.3,P43220,29466332
6B73,KAPPA-TYPE OPIOID RECEPTOR,CRYSTAL STRUCTURE OF A NANOBODY-STABILIZED ACTIVE STATE OF THE KAPPA-OPIOID RECEPTOR,HOMO SAPIENS (HUMAN),MEMBRANE PROTEIN/AGONIST,CLASS A,OPIOID PEPTIDES RECEPTORS,X-RAY DIFFRACTION,3.1,P41145,29307491
6BD4,FRIZZLED-4,CRYSTAL STRUCTURE OF HUMAN APO-FRIZZLED4 RECEPTOR,HOMO SAPIENS (HUMAN),MEMBRANE PROTEIN,CLASS F,NA,X-RAY DIFFRACTION,2.4,Q9ULV1,30135577
6BQG,5-HYDROXYTRYPTAMINE RECEPTOR 2C,CRYSTAL STRUCTURE OF 5-HT2C IN COMPLEX WITH ERGOTAMINE,HOMO SAPIENS (HUMAN),MEMBRANE PROTEIN,CLASS A,SEROTONIN RECEPTORS,X-RAY DIFFRACTION,3,P28335,29398112
6BQH,5-HYDROXYTRYPTAMINE RECEPTOR 2C,CRYSTAL STRUCTURE OF 5-HT2C IN COMPLEX WITH RITANSERIN,HOMO SAPIENS (HUMAN),MEMBRANE PROTEIN,CLASS A,SEROTONIN RECEPTORS,X-RAY DIFFRACTION,2.7,P28335,29398112
6C1Q,C5A ANAPHYLATOXIN CHEMOTACTIC RECEPTOR 1,CRYSTAL STRUCTURE OF HUMAN C5A RECEPTOR IN COMPLEX WITH AN ORTHOSTERIC ANTAGONIST PMX53 AND AN ALLOSTERIC ANTAGONIST NDT9513727,HOMO SAPIENS (HUMAN),MEMBRANE PROTEIN,CLASS A,CHEMOKINES AND CHEMOTACTIC FACTORS RECEPTORS,X-RAY DIFFRACTION,2.9,P21730,29867214
6C1R,C5A ANAPHYLATOXIN CHEMOTACTIC RECEPTOR 1,CRYSTAL STRUCTURE OF HUMAN C5A RECEPTOR IN COMPLEX WITH AN ORTHOSTERIC ANTAGONIST PMX53 AND AN ALLOSTERIC ANTAGONIST AVACOPAN,HOMO SAPIENS (HUMAN),MEMBRANE PROTEIN/INHIBITOR,CLASS A,CHEMOKINES AND CHEMOTACTIC FACTORS RECEPTORS,X-RAY DIFFRACTION,2.2,P21730,29867214
6CM4,D(2) DOPAMINE RECEPTOR,STRUCTURE OF THE D2 DOPAMINE RECEPTOR BOUND TO THE ATYPICAL ANTIPSYCHOTIC DRUG RISPERIDONE,HOMO SAPIENS (HUMAN),MEMBRANE PROTEIN,CLASS A,DOPAMINE RECEPTORS,X-RAY DIFFRACTION,2.87,P14416,29466326
6CMO,RHODOPSIN,RHODOPSIN-GI COMPLEX,HOMO SAPIENS (HUMAN),SIGNALING PROTEIN,CLASS A,OPSINS,ELECTRON MICROSCOPY,4.5,P08100,29899450
6D26,PROSTAGLANDIN D2 RECEPTOR 2,CRYSTAL STRUCTURE OF THE PROSTAGLANDIN D2 RECEPTOR CRTH2 WITH FEVIPIPRANT,HOMO SAPIENS (HUMAN),MEMBRANE PROTEIN/ANTAGONIST,CLASS A,ORPHAN RECEPTORS,X-RAY DIFFRACTION,2.8,Q9Y5Y4,30220562
6D27,PROSTAGLANDIN D2 RECEPTOR 2,CRYSTAL STRUCTURE OF THE PROSTAGLANDIN D2 RECEPTOR CRTH2 WITH CAY10471,HOMO SAPIENS (HUMAN),MEMBRANE PROTEIN/ANTAGONIST,CLASS A,ORPHAN RECEPTORS,X-RAY DIFFRACTION,2.74,Q9Y5Y4,30220562
6D9H,ADENOSINE RECEPTOR A1,CRYO-EM STRUCTURE OF THE HUMAN ADENOSINE A1 RECEPTOR-GI2-PROTEIN COMPLEX BOUND TO ITS ENDOGENOUS AGONIST,HOMO SAPIENS (HUMAN),SIGNALING PROTEIN,CLASS A,ADENOSINE AND ADENINE NUCLEOTIDE RECEPTORS,ELECTRON MICROSCOPY,3.6,P30542,29925945
6DDE,MU-TYPE OPIOID RECEPTOR,MU OPIOID RECEPTOR-GI PROTEIN COMPLEX,MUS MUSCULUS (MOUSE),MEMBRANE PROTEIN,CLASS A,OPIOID PEPTIDES RECEPTORS,ELECTRON MICROSCOPY,3.5,P42866,29899455
6DDF,MU-TYPE OPIOID RECEPTOR,MU OPIOID RECEPTOR-GI PROTEIN COMPLEX,MUS MUSCULUS (MOUSE),MEMBRANE PROTEIN,CLASS A,OPIOID PEPTIDES RECEPTORS,ELECTRON MICROSCOPY,3.5,P42866,29899455
6DRX,5-HYDROXYTRYPTAMINE RECEPTOR 2B,STRUCTURAL DETERMINANTS OF ACTIVATION AND BIASED AGONISM AT THE 5-HT2B RECEPTOR,HOMO SAPIENS (HUMAN),MEMBRANE PROTEIN,CLASS A,SEROTONIN RECEPTORS,X-RAY DIFFRACTION,3.1,P41595,30127358
6DRY,5-HYDROXYTRYPTAMINE RECEPTOR 2B,STRUCTURAL DETERMINANTS OF ACTIVATION AND BIASED AGONISM AT THE 5-HT2B RECEPTOR,HOMO SAPIENS (HUMAN),MEMBRANE PROTEIN,CLASS A,SEROTONIN RECEPTORS,X-RAY DIFFRACTION,2.92,P41595,30127358
6DRZ,5-HYDROXYTRYPTAMINE RECEPTOR 2B,STRUCTURAL DETERMINANTS OF ACTIVATION AND BIASED AGONISM AT THE 5-HT2B RECEPTOR,HOMO SAPIENS (HUMAN),MEMBRANE PROTEIN,CLASS A,SEROTONIN RECEPTORS,X-RAY DIFFRACTION,3.1,P41595,30127358
6DS0,5-HYDROXYTRYPTAMINE RECEPTOR 2B,STRUCTURAL DETERMINANTS OF ACTIVATION AND BIASED AGONISM AT THE 5-HT2B RECEPTOR,HOMO SAPIENS (HUMAN),MEMBRANE PROTEIN,CLASS A,SEROTONIN RECEPTORS,X-RAY DIFFRACTION,3.19,P41595,30127358
6E3Y,CALCITONIN GENE-RELATED PEPTIDE TYPE 1 RECEPTOR,"CRYO-EM STRUCTURE OF THE ACTIVE, GS-PROTEIN COMPLEXED, HUMAN CGRP RECEPTOR",HOMO SAPIENS (HUMAN),SIGNALING PROTEIN,CLASS B,NA,ELECTRON MICROSCOPY,3.3,Q16602,30209400
6E59,SUBSTANCE-P RECEPTOR,CRYSTAL STRUCTURE OF THE HUMAN NK1 TACHYKININ RECEPTOR,HOMO SAPIENS (HUMAN),SIGNALING PROTEIN,CLASS A,TACHYKININ RECEPTORS,X-RAY DIFFRACTION,3.4,P25103,30538204
6FFH,METABOTROPIC GLUTAMATE RECEPTOR 5,CRYSTAL STRUCTURE OF MGLUR5 IN COMPLEX WITH FENOBAM AT 2.65 A,HOMO SAPIENS (HUMAN),MEMBRANE PROTEIN,CLASS C,NA,X-RAY DIFFRACTION,2.65,P41594,29455526
6FFI,METABOTROPIC GLUTAMATE RECEPTOR 5,CRYSTAL STRUCTURE OF MGLUR5 IN COMPLEX WITH MMPEP AT 2.2 A,HOMO SAPIENS (HUMAN),MEMBRANE PROTEIN,CLASS C,NA,X-RAY DIFFRACTION,2.2,P41594,29455526
6FJ3,PARATHYROID HORMONE-PARATHYROID HORMONE-RELATED PEPTIDE RECEPTOR,HIGH RESOLUTION CRYSTAL STRUCTURE OF PARATHYROID HORMONE 1 RECEPTOR IN COMPLEX WITH A PEPTIDE AGONIST.,HOMO SAPIENS (HUMAN),MEMBRANE PROTEIN,CLASS B,NA,X-RAY DIFFRACTION,2.5,Q03431,30455434
6FK6,RHODOPSIN,CRYSTAL STRUCTURE OF N2C/D282C STABILIZED OPSIN BOUND TO RS01,BOS TAURUS (BOVINE),MEMBRANE PROTEIN,CLASS A,OPSINS,X-RAY DIFFRACTION,2.36,P02699,29555765
6FK7,RHODOPSIN,CRYSTAL STRUCTURE OF N2C/D282C STABILIZED OPSIN BOUND TO RS06,BOS TAURUS (BOVINE),MEMBRANE PROTEIN,CLASS A,OPSINS,X-RAY DIFFRACTION,2.62,P02699,29555765
6FK8,RHODOPSIN,CRYSTAL STRUCTURE OF N2C/D282C STABILIZED OPSIN BOUND TO RS08,BOS TAURUS (BOVINE),MEMBRANE PROTEIN,CLASS A,OPSINS,X-RAY DIFFRACTION,2.87,P02699,29555765
6FK9,RHODOPSIN,CRYSTAL STRUCTURE OF N2C/D282C STABILIZED OPSIN BOUND TO RS09,BOS TAURUS (BOVINE),MEMBRANE PROTEIN,CLASS A,OPSINS,X-RAY DIFFRACTION,2.63,P02699,29555765
6FKA,RHODOPSIN,CRYSTAL STRUCTURE OF N2C/D282C STABILIZED OPSIN BOUND TO RS11,BOS TAURUS (BOVINE),MEMBRANE PROTEIN,CLASS A,OPSINS,X-RAY DIFFRACTION,2.7,P02699,29555765
6FKB,RHODOPSIN,CRYSTAL STRUCTURE OF N2C/D282C STABILIZED OPSIN BOUND TO RS13,BOS TAURUS (BOVINE),MEMBRANE PROTEIN,CLASS A,OPSINS,X-RAY DIFFRACTION,3.03,P02699,29555765
6FKC,RHODOPSIN,CRYSTAL STRUCTURE OF N2C/D282C STABILIZED OPSIN BOUND TO RS15,BOS TAURUS (BOVINE),MEMBRANE PROTEIN,CLASS A,OPSINS,X-RAY DIFFRACTION,2.46,P02699,29555765
6FKD,RHODOPSIN,CRYSTAL STRUCTURE OF N2C/D282C STABILIZED OPSIN BOUND TO RS16,BOS TAURUS (BOVINE),MEMBRANE PROTEIN,CLASS A,OPSINS,X-RAY DIFFRACTION,2.49,P02699,29555765
6FUF,RHODOPSIN,CRYSTAL STRUCTURE OF THE RHODOPSIN-MINI-GO COMPLEX,BOS TAURUS (BOVINE),SIGNALING PROTEIN,CLASS A,OPSINS,X-RAY DIFFRACTION,3.12,P02699,30255144
6G79,5-HYDROXYTRYPTAMINE RECEPTOR 1B,COUPLING SPECIFICITY OF HETEROTRIMERIC GO TO THE SEROTONIN 5-HT1B RECEPTOR,HOMO SAPIENS (HUMAN),MEMBRANE PROTEIN,CLASS A,SEROTONIN RECEPTORS,ELECTRON MICROSCOPY,3.78,P28222,29925951
6GDG,ADENOSINE RECEPTOR A2A,CRYO-EM STRUCTURE OF THE ADENOSINE A2A RECEPTOR BOUND TO A MINIGS HETEROTRIMER,HOMO SAPIENS (HUMAN),MEMBRANE PROTEIN,CLASS A,ADENOSINE AND ADENINE NUCLEOTIDE RECEPTORS,ELECTRON MICROSCOPY,4.11,P29274,29726815
6GPS,C-C CHEMOKINE RECEPTOR TYPE 2,CRYSTAL STRUCTURE OF CCR2A IN COMPLEX WITH MK-0812,HOMO SAPIENS (HUMAN),SIGNALING PROTEIN,CLASS A,CHEMOKINES AND CHEMOTACTIC FACTORS RECEPTORS,X-RAY DIFFRACTION,3.3,P41597,30581043
6GPX,C-C CHEMOKINE RECEPTOR TYPE 2,CRYSTAL STRUCTURE OF CCR2A IN COMPLEX WITH MK-0812,HOMO SAPIENS (HUMAN),SIGNALING PROTEIN,CLASS A,CHEMOKINES AND CHEMOTACTIC FACTORS RECEPTORS,X-RAY DIFFRACTION,2.7,P41597,30581043
6H7J,BETA-1 ADRENERGIC RECEPTOR,ACTIVATED TURKEY BETA1 ADRENOCEPTOR WITH BOUND AGONIST ISOPRENALINE AND NANOBODY NB80,MELEAGRIS GALLOPAVO (WILD TURKEY),IMMUNE SYSTEM,CLASS A,ADRENERGIC RECEPTORS,X-RAY DIFFRACTION,2.8,P07700,NA
6H7L,BETA-1 ADRENERGIC RECEPTOR,ACTIVATED TURKEY BETA1 ADRENOCEPTOR WITH BOUND PARTIAL AGONIST DOBUTAMINE AND NANOBODY NB6B9,MELEAGRIS GALLOPAVO (WILD TURKEY),IMMUNE SYSTEM,CLASS A,ADRENERGIC RECEPTORS,X-RAY DIFFRACTION,2.7,P07700,NA
6H7M,BETA-1 ADRENERGIC RECEPTOR,ACTIVATED TURKEY BETA1 ADRENOCEPTOR WITH BOUND PARTIAL AGONIST SALBUTAMOL AND NANOBODY NB6B9,MELEAGRIS GALLOPAVO (WILD TURKEY),IMMUNE SYSTEM,CLASS A,ADRENERGIC RECEPTORS,X-RAY DIFFRACTION,2.76,P07700,NA
6H7N,BETA-1 ADRENERGIC RECEPTOR,ACTIVATED TURKEY BETA1 ADRENOCEPTOR WITH BOUND PARTIAL AGONIST XAMOTEROL AND NANOBODY NB6B9,MELEAGRIS GALLOPAVO (WILD TURKEY),IMMUNE SYSTEM,CLASS A,ADRENERGIC RECEPTORS,X-RAY DIFFRACTION,2.5,P07700,NA
6H7O,BETA-1 ADRENERGIC RECEPTOR,ACTIVATED TURKEY BETA1 ADRENOCEPTOR WITH BOUND WEAK PARTIAL AGONIST CYANOPINDOLOL AND NANOBODY NB6B9,MELEAGRIS GALLOPAVO (WILD TURKEY),ELECTRON TRANSPORT,CLASS A,ADRENERGIC RECEPTORS,X-RAY DIFFRACTION,2.8,P07700,NA
6IBL,BETA-1 ADRENERGIC RECEPTOR,ACTIVATED TURKEY BETA1 ADRENOCEPTOR WITH BOUND AGONIST FORMOTEROL AND NANOBODY NB80,MELEAGRIS GALLOPAVO (WILD TURKEY),IMMUNE SYSTEM,CLASS A,ADRENERGIC RECEPTORS,X-RAY DIFFRACTION,2.7,P07700,NA
6IGK,ENDOTHELIN RECEPTOR TYPE B,CRYSTAL STRUCTURE OF HUMAN ETB RECEPTOR IN COMPLEX WITH ENDOTHELIN-3,HOMO SAPIENS (HUMAN),SIGNALING PROTEIN/PROTEIN BINDING,CLASS A,ENDOTHELIN RECEPTORS,X-RAY DIFFRACTION,2,P24530,30413709
6IGL,ENDOTHELIN RECEPTOR TYPE B,CRYSTAL STRUCTURE OF HUMAN ETB RECEPTOR IN COMPLEX WITH IRL1620,HOMO SAPIENS (HUMAN),SIGNALING PROTEIN/PROTEIN BINDING,CLASS A,ENDOTHELIN RECEPTORS,X-RAY DIFFRACTION,2.7,P24530,30413709
6IIU,THROMBOXANE A2 RECEPTOR,CRYSTAL STRUCTURE OF THE HUMAN THROMBOXANE A2 RECEPTOR BOUND TO RAMATROBAN,HOMO SAPIENS (HUMAN),SIGNALING PROTEIN,CLASS A,PROSTANOIDS RECEPTORS,X-RAY DIFFRACTION,2.5,P21731,30510189
6IIV,THROMBOXANE A2 RECEPTOR,CRYSTAL STRUCTURE OF THE HUMAN THROMBOXANE A2 RECEPTOR BOUND TO DALTROBAN,HOMO SAPIENS (HUMAN),SIGNALING PROTEIN,CLASS A,PROSTANOIDS RECEPTORS,X-RAY DIFFRACTION,3,P21731,30510189
6M9T,PROSTAGLANDIN E2 RECEPTOR EP3 SUBTYPE,CRYSTAL STRUCTURE OF EP3 RECEPTOR BOUND TO MISOPROSTOL-FA,HOMO SAPIENS (HUMAN),MEMBRANE PROTEIN,CLASS A,PROSTANOIDS RECEPTORS,X-RAY DIFFRACTION,2.5,P43115,30510194
6MEO,C-C CHEMOKINE RECEPTOR TYPE 5,STRUCTURAL BASIS OF CORECEPTOR RECOGNITION BY HIV-1 ENVELOPE SPIKE,HOMO SAPIENS (HUMAN),MEMBRANE PROTEIN,CLASS A,CHEMOKINES AND CHEMOTACTIC FACTORS RECEPTORS,ELECTRON MICROSCOPY,3.9,P51681,30542158
6MET,C-C CHEMOKINE RECEPTOR TYPE 5,STRUCTURAL BASIS OF CORECEPTOR RECOGNITION BY HIV-1 ENVELOPE SPIKE,HOMO SAPIENS (HUMAN),MEMBRANE PROTEIN,CLASS A,CHEMOKINES AND CHEMOTACTIC FACTORS RECEPTORS,ELECTRON MICROSCOPY,4.5,P51681,30542158
6MXT,BETA-2 ADRENERGIC RECEPTOR,CRYSTAL STRUCTURE OF HUMAN BETA2 ADRENERGIC RECEPTOR BOUND TO SALMETEROL AND NB71,HOMO SAPIENS (HUMAN),SIGNALING PROTEIN/HORMONE,CLASS A,ADRENERGIC RECEPTORS,X-RAY DIFFRACTION,2.96,P07550,30327561
