id,pdb_id,ligand_id
,1F88,HG
,1F88,NAG
,1F88,RET
,1F88,ZN
,1F88,MAN
,1GZM,ACE
,1GZM,BMA
,1GZM,C8E
,1GZM,LDA
,1GZM,NAG
,1GZM,PEF
,1GZM,PLM
,1GZM,RET
,1GZM,ZN
,1HZX,ACE
,1HZX,BNG
,1HZX,HG
,1HZX,HTO
,1HZX,MAN
,1HZX,NAG
,1HZX,PLM
,1HZX,RET
,1HZX,ZN
,1HZX,BMA
,1JFP,RET
,1L9H,ACE
,1L9H,BNG
,1L9H,HG
,1L9H,HTO
,1L9H,MAN
,1L9H,NAG
,1L9H,PLM
,1L9H,RET
,1L9H,ZN
,1LN6,RET
,1U19,ACE
,1U19,HG
,1U19,HTG
,1U19,MAN
,1U19,NAG
,1U19,PLM
,1U19,RET
,1U19,ZN
,1U19,BMA
,1U19,HTO
,2G87,ACE
,2G87,HG
,2G87,HTG
,2G87,MAN
,2G87,NAG
,2G87,PLM
,2G87,RET
,2G87,ZN
,2G87,BMA
,2G87,HTO
,2HPY,ACE
,2HPY,HG
,2HPY,HTG
,2HPY,MAN
,2HPY,NAG
,2HPY,PLM
,2HPY,RET
,2HPY,ZN
,2HPY,BMA
,2HPY,HTO
,2I35,ACE
,2I35,BMA
,2I35,NAG
,2I35,PLM
,2I35,RET
,2I36,ACE
,2I36,MAN
,2I36,NAG
,2I36,PLM
,2I37,ACE
,2I37,MAN
,2I37,NAG
,2I37,BMA
,2I37,NDG
,2J4Y,ACE
,2J4Y,NAG
,2J4Y,RET
,2PED,ACE
,2PED,HG
,2PED,HTG
,2PED,MAN
,2PED,NAG
,2PED,PLM
,2PED,RET
,2PED,ZN
,2PED,BMA
,2PED,HTO
,2RH1,12P
,2RH1,ACM
,2RH1,BU1
,2RH1,CAU
,2RH1,CLR
,2RH1,MAL
,2RH1,PLM
,2RH1,SO4
,2VT4,D10
,2VT4,P32
,2VT4,SOG
,2X72,ACE
,2X72,ACT
,2X72,BMA
,2X72,BOG
,2X72,LPP
,2X72,MAN
,2X72,NAG
,2X72,PEF
,2X72,PLM
,2X72,RET
,2Y00,2CV
,2Y00,Y00
,2Y00,Y01
,2Y01,2CV
,2Y01,Y00
,2Y01,Y01
,2Y02,2CV
,2Y02,WHJ
,2Y02,Y01
,2Y03,2CV
,2Y03,5FW
,2Y03,Y01
,2Y04,2CV
,2Y04,68H
,2Y04,Y01
,2YCW,2CV
,2YCW,CAU
,2YCX,P32
,2YCX,SOG
,2YCY,P32
,2YCY,SOG
,2YCZ,I32
,2YCZ,SOG
,2YDO,ADN
,2YDO,SOG
,2YDV,NEC
,2YDV,SOG
,2Z73,BOG
,2Z73,PLM
,2Z73,RET
,2Z73,TWT
,2Z73,PC1
,2Z73,SO4
,2ZIY,PLM
,2ZIY,RET
,3AYM,BOG
,3AYM,PLM
,3AYM,RET
,3AYM,PC1
,3AYM,SO4
,3AYN,PLM
,3AYN,RET
,3AYN,BOG
,3AYN,PC1
,3AYN,SO4
,3C9L,ACE
,3C9L,BMA
,3C9L,C8E
,3C9L,LDA
,3C9L,NAG
,3C9L,PEF
,3C9L,PLM
,3C9L,RET
,3C9L,ZN
,3C9M,ACE
,3C9M,NAG
,3C9M,RET
,3CAP,BGL
,3CAP,BMA
,3CAP,NAG
,3CAP,PLM
,3D4S,CLR
,3D4S,OLC
,3D4S,TIM
,3DQB,BMA
,3DQB,BOG
,3DQB,MAN
,3DQB,NAG
,3DQB,PLM
,3EML,SO4
,3EML,STE
,3EML,ZMA
,3KJ6,SO4
,3NY8,CLR
,3NY8,JRZ
,3NY8,OLA
,3NY8,OLC
,3NY8,PGE
,3NY9,CLR
,3NY9,JSZ
,3NY9,OLC
,3NYA,CLR
,3NYA,JTZ
,3OAX,4E6
,3OAX,ACE
,3OAX,BMA
,3OAX,HG
,3OAX,HTG
,3OAX,ID3
,3OAX,NAG
,3OAX,PLM
,3OAX,RET
,3OAX,ZN
,3OAX,HTO
,3OAX,MAN
,3ODU,ITD
,3ODU,OLA
,3ODU,OLC
,3OE0,ALN
,3OE0,CIR
,3OE0,DPR
,3OE6,GOL
,3OE6,ITD
,3OE6,OLC
,3OE8,ITD
,3OE9,ITD
,3P0G,P0G
,3PBL,ETQ
,3PBL,MAL
,3PDS,CLR
,3PDS,ERC
,3PDS,SO4
,3PQR,ACT
,3PQR,BMA
,3PQR,BOG
,3PQR,MAN
,3PQR,NAG
,3PQR,PLM
,3PQR,RET
,3PQR,SO4
,3PQR,TRE
,3PWH,ZMA
,3PXO,BMA
,3PXO,BOG
,3PXO,MAN
,3PXO,NAG
,3PXO,PLM
,3PXO,RET
,3QAK,OLC
,3QAK,UKA
,3REY,XAC
,3RFM,CFF
,3RZE,5EH
,3RZE,D7V
,3RZE,OLC
,3RZE,PO4
,3SN6,P0G
,3UON,BGC
,3UON,CL
,3UON,QNB
,3UZA,T4G
,3UZC,T4E
,3V2W,ML5
,3V2W,NAG
,3V2Y,ML5
,3V2Y,NAG
,3VG9,LMT
,3VG9,STE
,3VG9,ZMA
,3VGA,ZMA
,3VW7,CL
,3VW7,OLC
,3VW7,VPX
,3ZEV,GLY
,3ZPQ,2CV
,3ZPQ,XF5
,3ZPQ,Y01
,3ZPR,2CV
,3ZPR,3WC
,3ZPR,Y01
,4A4M,ACE
,4A4M,ACT
,4A4M,BOG
,4A4M,NAG
,4A4M,PLM
,4A4M,RET
,4AMI,2CV
,4AMI,G90
,4AMJ,2CV
,4AMJ,CVD
,4BEY,ACE
,4BEY,ACT
,4BEY,BMA
,4BEY,BOG
,4BEY,MAN
,4BEY,NAG
,4BEY,PLM
,4BEY,SO4
,4BEZ,ACE
,4BEZ,ACT
,4BEZ,BMA
,4BEZ,BOG
,4BEZ,MAN
,4BEZ,NAG
,4BEZ,PLM
,4BEZ,SO4
,4BUO,GLY
,4BVN,MHA
,4BVN,OLC
,4BVN,P32
,4DAJ,0HK
,4DAJ,PO4
,4DJH,CIT
,4DJH,JDC
,4DJH,OLC
,4DJH,PEG
,4DKL,1PE
,4DKL,BF0
,4DKL,CL
,4DKL,CLR
,4DKL,MPG
,4DKL,SO4
,4EA3,0NN
,4EA3,OLA
,4EA3,OLB
,4EA3,OLC
,4EIY,CLR
,4EIY,OLA
,4EIY,OLB
,4EIY,OLC
,4EIY,PEG
,4EIY,ZMA
,4EJ4,EJ4
,4GBR,CAU
,4GRV,EPE
,4IAQ,2GM
,4IAR,ERM
,4IAR,OLB
,4IB4,CLR
,4IB4,ERM
,4IB4,OLA
,4IB4,OLB
,4IB4,OLC
,4IB4,PEG
,4IB4,PLM
,4J4Q,ACT
,4J4Q,BMA
,4J4Q,BOG
,4J4Q,MAN
,4J4Q,NAG
,4J4Q,PLM
,4J4Q,SO4
,4J4Q,TRE
,4JKV,1KS
,4JKV,OLA
,4JKV,OLC
,4JKV,PEG
,4JKV,PG4
,4JKV,PGE
,4K5Y,1Q5
,4K5Y,OLA
,4K5Y,OLC
,4K5Y,SO4
,4K5Y,1PE
,4K5Y,PGW
,4L6R,PEG
,4LDE,1WV
,4LDE,P0G
,4LDL,1WV
,4LDL,XQC
,4LDO,1WV
,4LDO,ALE
,4MBS,MRV
,4MBS,OLC
,4MBS,ZN
,4MQS,IXO
,4MQT,2CU
,4MQT,IXO
,4N4W,BMA
,4N4W,MAN
,4N4W,NAG
,4N4W,OLC
,4N4W,PEG
,4N4W,PG4
,4N4W,SNT
,4N4W,ZN
,4N6H,EJ4
,4N6H,OLA
,4N6H,OLC
,4N6H,PGE
,4N6H,TLA
,4NC3,CLR
,4NC3,DGA
,4NC3,ERM
,4NC3,OLA
,4NC3,OLC
,4NC3,PEG
,4NC3,PLM
,4NC3,TRS
,4NTJ,AZJ
,4NTJ,CLR
,4NTJ,OLC
,4O9R,CY8
,4OO9,2U8
,4OO9,MES
,4OO9,OLA
,4OO9,YCM
,4OR2,CLR
,4OR2,FM9
,4OR2,OLA
,4OR2,OLC
,4OR2,PO4
,4PHU,1PE
,4PHU,2YB
,4PHU,DMS
,4PHU,OLC
,4PXF,ACT
,4PXF,BMA
,4PXF,BOG
,4PXF,MAN
,4PXF,NAG
,4PXF,PLM
,4PXF,SO4
,4PXF,TRE
,4PXZ,6AD
,4PXZ,CLR
,4PXZ,OLC
,4PXZ,PEG
,4PY0,6AT
,4PY0,OLC
,4QIM,A8T
,4QIM,ZN
,4QIN,SG8
,4QKX,35V
,4RWA,OLC
,4RWA,DI7
,4RWA,DI8
,4RWA,NH2
,4RWD,OLA
,4RWD,OLC
,4RWD,DI7
,4RWD,DI8
,4RWD,NH2
,4S0V,OLA
,4S0V,SUV
,4U14,0HK
,4U15,0HK
,4U15,P6G
,4U15,TAR
,4U15,OLC
,4U16,3C0
,4U16,TAR
,4UG2,NGI
,4UG2,OLB
,4UHR,NGI
,4WW3,BOG
,4WW3,PLM
,4WW3,RET
,4WW3,TWT
,4WW3,PC1
,4WW3,SO4
,4X1H,BMA
,4X1H,BNG
,4X1H,NAG
,4X1H,PLM
,4XEE,1PE
,4XEE,EPE
,4XEE,FLC
,4XEE,PEG
,4XES,CIT
,4XES,EPE
,4XES,GOL
,4XES,PEG
,4XNV,1PE
,4XNV,BUR
,4XNV,CLR
,4XNV,OLC
,4XNV,Y01
,4XNV,ZN
,4XNW,2ID
,4XNW,ZN
,4XT1,CLR
,4XT1,OLC
,4XT1,SIN
,4XT1,UNL
,4XT1,PCA
,4XT3,PO4
,4XT3,UNL
,4XT3,NAG
,4XT3,PCA
,4YAY,ZD7
,4Z34,1WV
,4Z34,ON7
,4Z35,1WV
,4Z35,ON9
,4Z36,1WV
,4Z36,ON3
,4Z9G,1Q5
,4Z9G,OLA
,4Z9G,SO4
,4ZJ8,OLA
,4ZJ8,SUV
,4ZJC,4OT
,4ZJC,OLA
,4ZUD,OLM
,5A8E,MHA
,5A8E,OLC
,5A8E,XTK
,5C1M,4VO
,5C1M,CLR
,5C1M,OLC
,5C1M,P6G
,5C1M,PO4
,5C1M,YCM
,5CGC,51D
,5CGC,MES
,5CGC,OLA
,5CGD,51E
,5CGD,OLA
,5CXV,0HK
,5CXV,EDO
,5CXV,GOL
,5CXV,PGE
,5CXV,Y01
,5D5A,12P
,5D5A,ACM
,5D5A,BU1
,5D5A,CAU
,5D5A,CLR
,5D5A,N9S
,5D5A,PLM
,5D5A,SO4
,5D5B,ACM
,5D5B,BU1
,5D5B,CAU
,5D5B,CLR
,5D5B,N9S
,5D5B,PLM
,5D5B,SO4
,5D6L,12P
,5D6L,ACM
,5D6L,BU1
,5D6L,CAU
,5D6L,CLR
,5D6L,N9S
,5D6L,PLM
,5D6L,SO4
,5DHG,DGV
,5DHG,OLA
,5DHG,OLC
,5DHH,DGW
,5DHH,OLA
,5DHH,OLC
,5DSG,0HK
,5DSG,EDT
,5DSG,OLA
,5DSG,OLC
,5DSG,P6G
,5DSG,PG6
,5DYS,ACE
,5DYS,ACT
,5DYS,BMA
,5DYS,BOG
,5DYS,MAN
,5DYS,NAG
,5DYS,PLM
,5DYS,RET
,5DYS,SO4
,5EE7,5MV
,5EE7,OLA
,5EE7,PE5
,5EE7,TLA
,5EN0,ACE
,5EN0,ACT
,5EN0,BMA
,5EN0,BOG
,5EN0,MAN
,5EN0,NAG
,5EN0,PLM
,5EN0,RET
,5EN0,SO4
,5F8U,P32
,5G53,NEC
,5G53,SOG
,5G53,GDP
,5GLI,OLA
,5GLI,OLC
,5GLI,SO4
,5IU4,CLR
,5IU4,OLA
,5IU4,OLB
,5IU4,OLC
,5IU4,ZMA
,5IU7,6DY
,5IU7,CLR
,5IU7,OLA
,5IU7,OLB
,5IU7,OLC
,5IU8,6DZ
,5IU8,CLR
,5IU8,HTO
,5IU8,OLA
,5IU8,OLB
,5IU8,OLC
,5IUA,6DX
,5IUA,CLR
,5IUA,OLA
,5IUA,OLB
,5IUB,6DV
,5IUB,CLR
,5IUB,OLA
,5IUB,OLB
,5IUB,OLC
,5JQH,CAU
,5JQH,CLR
,5JTB,CLR
,5JTB,IOD
,5JTB,OLA
,5JTB,OLB
,5JTB,OLC
,5JTB,PEG
,5JTB,ZMA
,5K2A,CLR
,5K2A,OLA
,5K2A,OLC
,5K2A,PEG
,5K2A,ZMA
,5K2B,CLR
,5K2B,OLA
,5K2B,OLB
,5K2B,OLC
,5K2B,ZMA
,5K2C,CLR
,5K2C,OLA
,5K2C,OLC
,5K2C,PEG
,5K2C,ZMA
,5K2D,CLR
,5K2D,OLA
,5K2D,OLB
,5K2D,OLC
,5K2D,PEG
,5K2D,ZMA
,5KW2,6XQ
,5L7D,CLR
,5L7D,NAG
,5L7I,NAG
,5L7I,VIS
,5L7I,MPG
,5LWE,79K
,5LWE,CLR
,5LWE,MLI
,5LWE,OLA
,5MZJ,CLR
,5MZJ,OLA
,5MZJ,OLC
,5MZJ,TEP
,5MZP,CFF
,5MZP,CLR
,5MZP,OLA
,5MZP,OLC
,5MZP,TAR
,5N2R,8JN
,5N2R,CLR
,5N2R,OLA
,5N2R,OLC
,5N2R,TAR
,5N2S,8K8
,5N2S,SO4
,5NDD,8TZ
,5NDD,PO4
,5NDZ,8UN
,5NLX,CLR
,5NLX,OLA
,5NLX,ZMA
,5NM2,CLR
,5NM2,OLA
,5NM2,OLB
,5NM2,OLC
,5NM2,ZMA
,5NM4,CLR
,5NM4,OLA
,5NM4,ZMA
,5NX2,NAG
,5NX2,SOG
,5NX2,9DK
,5NX2,9DQ
,5NX2,9DT
,5NX2,9DW
,5NX2,9DZ
,5O9H,9P2
,5O9H,OLA
,5O9H,TLA
,5O9H,CIT
,5OLG,CIT
,5OLG,CLR
,5OLG,OLA
,5OLG,OLC
,5OLG,SCN
,5OLG,ZMA
,5OLH,9XT
,5OLH,CLR
,5OLH,OLA
,5OLH,OLC
,5OLO,9XW
,5OLO,CLR
,5OLO,OLA
,5OLO,OLC
,5OLV,9Y2
,5OLV,CLR
,5OLV,OLA
,5OLV,OLC
,5OLZ,CLR
,5OLZ,OLA
,5OLZ,OLC
,5OLZ,PGE
,5OLZ,T4E
,5OLZ,TAR
,5OM1,CL
,5OM1,CLR
,5OM1,OLA
,5OM1,OLC
,5OM1,T4E
,5OM4,CLR
,5OM4,OLA
,5OM4,OLC
,5OM4,T4E
,5T04,GOL
,5T04,PEG
,5T04,TCE
,5T1A,73R
,5T1A,OLC
,5T1A,SO4
,5T1A,VT5
,5T1A,YCM
,5T1A,ZN
,5TE3,BMA
,5TE3,BOG
,5TE3,MAN
,5TE3,NAG
,5TE3,PLM
,5TE3,SO4
,5TE5,7AB
,5TE5,ACE
,5TGZ,FMN
,5TGZ,OLA
,5TGZ,OLC
,5TGZ,PEG
,5TGZ,ZDG
,5TUD,ERM
,5TVN,7LD
,5TVN,CLR
,5TVN,OLC
,5TVN,PEG
,5TVN,PO4
,5TZR,1PE
,5TZR,MK6
,5TZR,MLI
,5TZR,OLC
,5TZY,7OS
,5TZY,MK6
,5TZY,OLC
,5U09,7DY
,5U09,PEG
,5U09,SO4
,5UEN,DU1
,5UEN,OLA
,5UIG,8D1
,5UIG,EDT
,5UIG,MES
,5UIW,OLA
,5UIW,OLC
,5UIW,ZN
,5UIW,PCA
,5UNF,8ES
,5UNG,8ES
,5UNG,OLA
,5UNG,OLC
,5UNH,8EM
,5UVI,CLR
,5UVI,OLA
,5UVI,OLC
,5UVI,ZMA
,5V54,89F
,5V56,836
,5V56,FMN
,5V56,NAG
,5V57,836
,5V57,FMN
,5V57,OLC
,5VBL,200
,5VBL,ALC
,5VBL,HRG
,5VBL,NLE
,5VBL,OIC
,5VBL,OLC
,5VBL,ZN
,5VEW,97Y
,5VEW,CSD
,5VEW,OLA
,5VEW,OLC
,5VEX,97V
,5VEX,CSD
,5VRA,CLR
,5VRA,OLA
,5VRA,OLB
,5VRA,OLC
,5VRA,ZMA
,5W0P,NAG
,5W0P,SEP
,5W0P,TPO
,5WB2,CLR
,5WB2,OLC
,5WB2,YCM
,5WB2,MES
,5WB2,ZN
,5WB2,PCA
,5WF5,OLC
,5WF5,UKA
,5WF6,OLC
,5WF6,UKA
,5WIU,AQD
,5WIU,GOL
,5WIU,OLA
,5WIU,PEG
,5WIU,PO4
,5WIV,AQD
,5WIV,OLA
,5WIV,PEG
,5WIV,PO4
,5WKT,BMA
,5WKT,BOG
,5WKT,MAN
,5WKT,NAG
,5WKT,TRE
,5WKT,SO4
,5WQC,1PE
,5WQC,7MA
,5WQC,OLA
,5WS3,1PE
,5WS3,7MA
,5WS3,OLA
,5X7D,8VS
,5X7D,ACM
,5X7D,BU1
,5X7D,CAU
,5X7D,CLR
,5X7D,EPE
,5X93,CLR
,5X93,K87
,5X93,OLC
,5X93,SO4
,5XEZ,97V
,5XEZ,NAG
,5XF1,97V
,5XF1,NAG
,5XJM,SAR
,5XPR,K86
,5XPR,SO4
,5XR8,8D0
,5XR8,CLR
,5XR8,FMN
,5XR8,PEG
,5XRA,8D3
,5XRA,CLR
,5XRA,FMN
,5XRA,OLA
,5XRA,OLC
,5XRA,PEG
,5YC8,3C0
,5YC8,HG
,5YHL,8VL
,5YQZ,NAG
,5YQZ,OLC
,5YQZ,PO4
,5YWY,7UR
,5ZBH,9AF
,5ZBQ,9AO
,5ZHP,9EC
,5ZHP,MAL
,5ZHP,PG4
,5ZHP,CIT
,5ZHP,P6G
,5ZK3,QNB
,5ZK8,3C0
,5ZKB,82F
,5ZKC,3C0
,5ZKP,9ER
,5ZKP,FMN
,5ZKQ,9EU
,5ZKQ,OLC
,5ZKQ,ZN
,5ZKQ,SO4
,6AK3,P2E
,6AK3,POV
,6AKX,A4R
,6AKX,NO3
,6AKX,ZN
,6AKY,A4X
,6AKY,OLC
,6AKY,ZN
,6AQF,CLR
,6AQF,OLA
,6AQF,OLB
,6AQF,OLC
,6AQF,ZMA
,6B73,CLR
,6B73,CVV
,6B73,OLA
,6BD4,OLA
,6BD4,OLC
,6BD4,SO4
,6BD4,UNX
,6BD4,ZN
,6BQG,ERM
,6BQG,OLC
,6BQH,E2J
,6BQH,OLA
,6BQH,OLC
,6BQH,PEG
,6C1Q,9P2
,6C1Q,YCM
,6C1Q,ACE
,6C1Q,ORN
,6C1Q,ZAL
,6C1R,EFD
,6C1R,MLI
,6C1R,OLA
,6C1R,OLC
,6C1R,PGE
,6C1R,YCM
,6C1R,ACE
,6C1R,ORN
,6C1R,ZAL
,6CM4,8NU
,6CM4,OLA
,6CM4,PEG
,6CMO,NAG
,6D26,FSY
,6D26,OLA
,6D26,PGE
,6D26,PGO
,6D26,SIN
,6D26,SO4
,6D26,YCM
,6D27,FT4
,6D27,MES
,6D27,OLA
,6D27,PEG
,6D27,PGE
,6D27,PGO
,6D27,SO4
,6D27,YCM
,6D9H,ADN
,6DDE,DAL
,6DDE,ETA
,6DDE,MEA
,6DDF,DAL
,6DDF,ETA
,6DDF,MEA
,6DRX,CLR
,6DRX,H8G
,6DRX,OLC
,6DRY,CLR
,6DRY,H8D
,6DRY,OLA
,6DRY,OLC
,6DRY,PEG
,6DRY,PO4
,6DRZ,CLR
,6DRZ,H8J
,6DRZ,OLA
,6DRZ,OLC
,6DRZ,PEG
,6DRZ,PO4
,6DS0,CLR
,6DS0,H8M
,6DS0,OLC
,6DS0,PEG
,6E3Y,NH2
,6E59,L76
,6FFH,D7W
,6FFH,MES
,6FFH,OLA
,6FFH,OLC
,6FFH,YCM
,6FFI,D8B
,6FFI,MES
,6FFI,OLA
,6FFI,YCM
,6FJ3,ACY
,6FJ3,BMA
,6FJ3,CL
,6FJ3,FUC
,6FJ3,MAN
,6FJ3,NAG
,6FJ3,OLA
,6FJ3,PG4
,6FJ3,YCM
,6FJ3,AC5
,6FJ3,AIB
,6FJ3,HRG
,6FJ3,NH2
,6FJ3,NLE
,6FK6,ACE
,6FK6,BMA
,6FK6,BOG
,6FK6,DOK
,6FK6,MAN
,6FK6,NAG
,6FK6,PLM
,6FK7,ACE
,6FK7,BMA
,6FK7,BOG
,6FK7,DO5
,6FK7,MAN
,6FK7,NAG
,6FK7,PLM
,6FK8,ACE
,6FK8,BMA
,6FK8,BOG
,6FK8,DNZ
,6FK8,MAN
,6FK8,NAG
,6FK8,PLM
,6FK9,ACE
,6FK9,BMA
,6FK9,BOG
,6FK9,DNK
,6FK9,MAN
,6FK9,NAG
,6FK9,PLM
,6FKA,ACE
,6FKA,BMA
,6FKA,BOG
,6FKA,DN5
,6FKA,MAN
,6FKA,NAG
,6FKA,PLM
,6FKB,ACE
,6FKB,BMA
,6FKB,BOG
,6FKB,DLH
,6FKB,MAN
,6FKB,NAG
,6FKB,PLM
,6FKC,ACE
,6FKC,BMA
,6FKC,BOG
,6FKC,DLB
,6FKC,MAN
,6FKC,NAG
,6FKC,PLM
,6FKD,ACE
,6FKD,BMA
,6FKD,BOG
,6FKD,DL2
,6FKD,MAN
,6FKD,NAG
,6FKD,PLM
,6FUF,NAG
,6FUF,RET
,6G79,EP5
,6GDG,NEC
,6GPS,F7N
,6GPS,ZN
,6GPX,F7N
,6GPX,OLA
,6GPX,ZN
,6H7J,2CV
,6H7J,5FW
,6H7L,2CV
,6H7L,Y00
,6H7M,2CV
,6H7M,68H
,6H7N,2CV
,6H7N,FVK
,6H7O,2CV
,6H7O,P32
,6IBL,2CV
,6IBL,H98
,6IGK,CIT
,6IGK,OLC
,6IGL,CIT
,6IGL,OLC
,6IGL,SO4
,6IGL,SIN
,6IIU,A8X
,6IIU,CLR
,6IIU,GOL
,6IIU,OLC
,6IIU,ZN
,6IIV,A90
,6IIV,CLR
,6IIV,GOL
,6IIV,ZN
,6M9T,J9P
,6M9T,OLA
,6M9T,OLC
,6M9T,SO4
,6MEO,A2G
,6MEO,TYS
,6MEO,BMA
,6MEO,MAN
,6MEO,NAG
,6MET,A2G
,6MET,TYS
,6MET,BMA
,6MET,MAN
,6MET,NAG
,6MXT,HTO
,6MXT,K5Y
,6MXT,MG
,6MXT,NI
,6MXT,OLA
,6MXT,OLC
,6MXT,P33
,6MXT,YCM
